{"type":"FeatureCollection","features":[{"type":"Feature","properties":{"name":"Upper Uele","code":"28894549B55881681467015","iso":"COD"},"geometry":{"type":"Polygon","coordinates":[[[26.9991,5.1716],[26.9756,4.9361],[26.9939,4.8998],[27.0256,4.8879],[27.0341,4.8595],[26.9896,4.7155],[26.9657,4.5271],[27.0262,4.4901],[27.0799,4.4314],[27.1801,4.392],[27.2147,4.3597],[27.2175,4.2899],[27.1818,4.1328],[27.1801,4.0615],[27.2205,3.9398],[27.2562,3.9174],[27.2499,3.8965],[27.2997,3.8285],[27.3106,3.7753],[27.3284,3.7698],[27.3419,3.6936],[27.3437,3.5671],[27.3157,3.5212],[27.2351,3.4374],[27.221,3.3756],[27.3017,3.252],[27.3245,3.2727],[27.3449,3.2659],[27.3378,3.2848],[27.3565,3.2939],[27.377,3.2702],[27.3805,3.3025],[27.414,3.3042],[27.426,3.3239],[27.4357,3.2947],[27.4703,3.3173],[27.4913,3.3047],[27.513,3.3149],[27.5198,3.3031],[27.5278,3.3131],[27.5494,3.3058],[27.5617,3.3317],[27.5758,3.3152],[27.593,3.3215],[27.6124,3.3065],[27.6251,3.3115],[27.6234,3.3261],[27.6456,3.3126],[27.6665,3.3231],[27.6885,3.2947],[27.6836,3.1997],[27.658,3.1586],[27.6688,3.1204],[27.6616,3.0848],[27.7021,3.0748],[27.6781,3.0366],[27.6016,3.0035],[27.5411,3.0227],[27.5461,2.973],[27.5973,2.9102],[27.5996,2.8794],[27.5777,2.8544],[27.4125,2.7729],[27.3226,2.7575],[27.234,2.7984],[27.0792,2.8376],[27.0139,2.7237],[26.9652,2.6872],[26.9097,2.5875],[26.8698,2.5449],[26.9132,2.5104],[26.9609,2.4942],[27.1145,2.5501],[27.1316,2.52],[27.1403,2.4091],[27.1799,2.3604],[27.1751,2.293],[27.1436,2.272],[27.1461,2.2489],[27.123,2.224],[27.1153,2.1712],[27.0502,2.1149],[27.0567,2.0549],[27.0377,1.9984],[27.0444,1.9432],[27.0294,1.916],[27.0783,1.9018],[27.1164,1.9089],[27.1452,1.8906],[27.2026,1.9123],[27.2471,1.9618],[27.2503,1.9907],[27.2358,2.0215],[27.265,2.0453],[27.355,1.9827],[27.4129,1.8745],[27.4022,1.8557],[27.3711,1.8527],[27.3473,1.8332],[27.3625,1.779],[27.2968,1.7065],[27.3061,1.7028],[27.3015,1.6732],[27.2887,1.6767],[27.2922,1.6605],[27.277,1.6485],[27.2757,1.5995],[27.2472,1.5895],[27.2364,1.6067],[27.2165,1.588],[27.2083,1.5982],[27.2111,1.5816],[27.1913,1.5721],[27.291,1.5446],[27.3505,1.5609],[27.3582,1.5353],[27.4587,1.5363],[27.6264,1.476],[27.7243,1.4791],[27.7509,1.5024],[27.7533,1.5471],[27.6666,1.5702],[27.6108,1.6079],[27.5783,1.6569],[27.5334,1.6913],[27.5125,1.7356],[27.5303,1.7909],[27.5586,1.8135],[27.6365,1.8053],[27.7253,1.8408],[27.8467,1.7742],[28.0128,1.7476],[28.1557,1.7065],[28.189,1.7804],[28.2496,1.8591],[28.2954,1.9693],[28.3127,2.3367],[28.3536,2.3182],[28.413,2.2613],[28.5489,2.332],[28.5819,2.3325],[28.6115,2.2681],[28.7447,2.2085],[28.7626,2.187],[28.7829,2.2293],[28.7336,2.3196],[28.9146,2.2782],[29.0418,2.4043],[29.1076,2.4284],[29.1619,2.4224],[29.1851,2.4708],[29.2302,2.5047],[29.3527,2.4174],[29.6108,2.4536],[29.6301,2.4467],[29.6049,2.3558],[29.618,2.3194],[29.5811,2.2554],[29.5862,2.2223],[29.7389,2.1928],[29.7998,2.1239],[29.8403,2.1091],[29.8713,2.1768],[29.9219,2.1801],[29.9347,2.2482],[29.9253,2.256],[29.9396,2.2816],[29.9557,2.2716],[29.9693,2.2802],[30.0418,2.3564],[30.114,2.4663],[30.129,2.5972],[30.1642,2.666],[30.1497,2.7859],[30.1769,2.8122],[30.1713,2.8667],[30.1112,2.9015],[30.1184,2.9367],[30.1884,3.03],[30.2738,3.1058],[30.3006,3.1971],[30.3025,3.296],[30.3544,3.3662],[30.3877,3.4866],[30.5611,3.6206],[30.5788,3.7415],[30.552,3.8427],[30.5344,3.8409],[30.5298,3.8557],[30.4668,3.8327],[30.446,3.8824],[30.4297,3.8646],[30.4103,3.8656],[30.3957,3.8917],[30.3463,3.9238],[30.3124,3.9256],[30.2965,3.9143],[30.2949,3.9402],[30.2771,3.9565],[30.2373,3.9328],[30.213,3.9372],[30.1929,3.9812],[30.2023,4.0007],[30.195,4.0241],[30.1612,4.0489],[30.1698,4.0624],[30.1613,4.1197],[30.1374,4.1091],[30.0605,4.1319],[30.0255,4.1805],[30.0267,4.2078],[29.9736,4.2099],[29.9443,4.244],[29.9675,4.2873],[29.9541,4.3101],[29.903,4.3476],[29.8416,4.3354],[29.7999,4.3731],[29.8098,4.5005],[29.7996,4.5202],[29.8279,4.558],[29.7942,4.5608],[29.7641,4.5875],[29.7449,4.5701],[29.7067,4.607],[29.7101,4.617],[29.6604,4.6336],[29.6571,4.646],[29.6208,4.6594],[29.6012,4.6498],[29.5558,4.6719],[29.5347,4.655],[29.5108,4.6896],[29.4903,4.6947],[29.4797,4.6709],[29.4645,4.6685],[29.4771,4.599],[29.4451,4.562],[29.4439,4.517],[29.4038,4.4728],[29.3691,4.4706],[29.3469,4.3973],[29.3062,4.3828],[29.2706,4.3987],[29.253,4.3839],[29.2521,4.3539],[29.2214,4.3411],[29.1556,4.3941],[29.1349,4.4324],[29.0787,4.4345],[29.0826,4.4601],[29.0573,4.4608],[29.0352,4.4913],[28.9098,4.476],[28.8713,4.4922],[28.8344,4.4806],[28.8093,4.497],[28.8114,4.5415],[28.7835,4.564],[28.7661,4.5458],[28.7288,4.5454],[28.7144,4.5137],[28.6977,4.5107],[28.703,4.489],[28.6692,4.4294],[28.6033,4.4209],[28.5794,4.3824],[28.5159,4.3786],[28.4616,4.2929],[28.4182,4.2808],[28.3808,4.2853],[28.3531,4.3555],[28.267,4.3617],[28.2564,4.3485],[28.2079,4.3508],[28.1752,4.3873],[28.1387,4.4018],[28.1501,4.4259],[28.1405,4.4428],[28.1327,4.4331],[28.1153,4.4471],[28.0906,4.4383],[28.0802,4.4175],[28.0373,4.4793],[28.0476,4.552],[27.979,4.5559],[27.9487,4.5802],[27.9273,4.5374],[27.8934,4.5392],[27.8464,4.5729],[27.8393,4.5925],[27.79,4.608],[27.7952,4.6338],[27.7655,4.6916],[27.7822,4.7248],[27.7739,4.789],[27.7333,4.8012],[27.7264,4.7878],[27.7013,4.7944],[27.7004,4.8428],[27.6483,4.8961],[27.5736,4.8878],[27.512,4.9215],[27.5122,4.9613],[27.4482,5.0072],[27.44,5.0758],[27.3195,5.1314],[27.2303,5.1528],[27.1346,5.2076],[27.0773,5.207],[26.9991,5.1716]]]}},{"type":"Feature","properties":{"name":"Ituri","code":"28894549B71118016098951","iso":"COD"},"geometry":{"type":"Polygon","coordinates":[[[27.3883,1.5337],[27.4273,1.4341],[27.4686,1.3753],[27.5134,1.3474],[27.5354,1.318],[27.6242,1.3254],[27.6803,1.2979],[27.7099,1.2686],[27.7183,1.2355],[27.7103,1.1017],[27.7242,1.0756],[27.8841,1.0243],[27.9415,0.9695],[27.9671,0.9194],[27.9671,0.8918],[27.9258,0.8135],[27.9179,0.7455],[27.9589,0.6587],[28.0625,0.7011],[28.3503,0.7408],[28.39,0.7278],[28.4825,0.6264],[28.5572,0.5861],[28.8156,0.6319],[29.0117,0.6119],[29.0528,0.6217],[29.1108,0.6683],[29.1739,0.6867],[29.2115,0.6778],[29.244,0.6133],[29.3068,0.5827],[29.3171,0.5856],[29.3357,0.6466],[29.3858,0.6161],[29.4097,0.6156],[29.4836,0.6675],[29.4708,0.6922],[29.3844,0.7222],[29.3597,0.7558],[29.3653,0.7936],[29.4028,0.8567],[29.4283,0.86],[29.5111,0.8211],[29.5639,0.8156],[29.5817,0.8367],[29.5742,0.8586],[29.5853,0.8814],[29.7269,0.8786],[29.7811,0.9342],[29.8497,0.9642],[29.868,0.9485],[29.8645,0.9034],[29.8791,0.8942],[29.8763,0.8704],[29.9185,0.8014],[29.9461,0.8187],[29.9554,0.8117],[29.9706,0.837],[30.0622,0.8698],[30.0733,0.8841],[30.1122,0.8955],[30.1554,0.8861],[30.1607,0.9108],[30.1753,0.9127],[30.1674,0.9204],[30.1855,0.945],[30.1804,0.954],[30.1893,0.9469],[30.1848,0.9583],[30.1953,0.9557],[30.1842,0.9636],[30.1926,0.9728],[30.2027,0.9649],[30.2019,0.9794],[30.2177,0.9744],[30.2088,0.9821],[30.2279,0.9856],[30.2229,0.9957],[30.2342,1.0008],[30.2225,1.0042],[30.23,1.0401],[30.2205,1.0542],[30.2297,1.0552],[30.2263,1.0774],[30.2438,1.1063],[30.2374,1.1341],[30.2915,1.1727],[30.3113,1.1658],[30.3127,1.1512],[30.3363,1.1496],[30.36,1.2017],[30.3903,1.1876],[30.4724,1.2112],[30.4954,1.2057],[30.4766,1.2265],[30.4542,1.2146],[30.4571,1.2288],[30.448,1.2285],[30.4665,1.272],[30.3724,1.2575],[30.3759,1.2763],[30.3629,1.2674],[30.362,1.2863],[30.3741,1.2966],[30.357,1.2908],[30.4329,1.3596],[30.4449,1.3963],[30.4844,1.4265],[30.5014,1.511],[30.5572,1.5696],[30.6528,1.6306],[30.6516,1.6583],[30.7304,1.7108],[30.749,1.7552],[30.8101,1.7866],[30.9094,1.9032],[30.9661,1.94],[30.9934,1.9379],[31.0277,1.9785],[31.1572,2.0541],[31.1967,2.1067],[31.2407,2.1168],[31.2408,2.1424],[31.2611,2.1459],[31.2772,2.1693],[31.2484,2.1997],[31.2031,2.2209],[31.2033,2.2932],[31.1639,2.278],[31.1411,2.2834],[31.1306,2.2645],[31.0979,2.2794],[31.0701,2.3028],[31.0855,2.3094],[31.0743,2.3436],[31.008,2.3985],[30.9545,2.4005],[30.9418,2.3437],[30.9049,2.3323],[30.8812,2.3416],[30.8727,2.369],[30.8479,2.3849],[30.8338,2.427],[30.7779,2.4387],[30.7514,2.4201],[30.7414,2.4487],[30.7464,2.4913],[30.7618,2.5101],[30.7501,2.5863],[30.778,2.6037],[30.8082,2.7087],[30.8265,2.7292],[30.8228,2.7497],[30.8592,2.7736],[30.8841,2.8142],[30.8901,2.8583],[30.8574,2.9283],[30.858,2.9617],[30.8226,3.0041],[30.7807,3.0227],[30.768,3.0519],[30.7944,3.0691],[30.8021,3.1354],[30.8411,3.2391],[30.8382,3.2633],[30.8707,3.2805],[30.8746,3.3055],[30.8926,3.3146],[30.8875,3.3412],[30.9368,3.3992],[30.9421,3.5061],[30.897,3.5031],[30.8696,3.478],[30.848,3.4877],[30.8633,3.5662],[30.8508,3.5824],[30.805,3.5934],[30.7978,3.6555],[30.7755,3.6835],[30.7609,3.6738],[30.7577,3.6363],[30.7356,3.641],[30.7273,3.6233],[30.6858,3.6434],[30.6266,3.6063],[30.5611,3.6206],[30.3877,3.4866],[30.3544,3.3662],[30.3025,3.296],[30.3006,3.1971],[30.2738,3.1058],[30.1376,2.9735],[30.1101,2.9113],[30.1713,2.8667],[30.1769,2.8122],[30.1497,2.7859],[30.1642,2.666],[30.129,2.5972],[30.1093,2.451],[29.9693,2.2802],[29.9557,2.2716],[29.9396,2.2816],[29.9253,2.256],[29.9347,2.2482],[29.9219,2.1801],[29.8713,2.1768],[29.8403,2.1091],[29.7998,2.1239],[29.7389,2.1928],[29.5862,2.2223],[29.5811,2.2554],[29.618,2.3194],[29.6049,2.3558],[29.6327,2.4321],[29.6301,2.4467],[29.6108,2.4536],[29.3527,2.4174],[29.2302,2.5047],[29.1851,2.4708],[29.1619,2.4224],[29.1076,2.4284],[29.0418,2.4043],[28.9146,2.2782],[28.7336,2.3196],[28.7829,2.2293],[28.7626,2.187],[28.7447,2.2085],[28.6115,2.2681],[28.5819,2.3325],[28.5489,2.332],[28.413,2.2613],[28.3536,2.3182],[28.3127,2.3367],[28.2954,1.9693],[28.2496,1.8591],[28.1825,1.7695],[28.1637,1.7131],[27.8467,1.7742],[27.7348,1.8408],[27.6365,1.8053],[27.5699,1.8168],[27.5303,1.7909],[27.5125,1.7356],[27.5264,1.7019],[27.5783,1.6569],[27.6108,1.6079],[27.6564,1.5756],[27.7533,1.5471],[27.7509,1.5024],[27.7123,1.4747],[27.6617,1.4698],[27.4587,1.5363],[27.3883,1.5337]]]}},{"type":"Feature","properties":{"name":"Tshopo","code":"28894549B99726016901645","iso":"COD"},"geometry":{"type":"Polygon","coordinates":[[[27.0413,1.9382],[27.032,1.9484],[26.9914,1.9472],[26.9959,1.9562],[26.9758,1.9771],[26.9424,1.9905],[26.9307,2.0927],[26.9198,2.0891],[26.9126,2.1165],[26.883,2.1305],[26.8871,2.147],[26.8636,2.1743],[26.8316,2.1412],[26.8037,2.1443],[26.787,2.1254],[26.7562,2.1494],[26.7519,2.1753],[26.7381,2.1846],[26.5287,2.0275],[26.4405,2.059],[26.3185,2.0721],[26.2863,2.1215],[26.2812,2.2985],[26.2574,2.3439],[26.1624,2.315],[26.0955,2.2738],[26.0271,2.2674],[25.9744,2.2226],[25.9406,2.2102],[25.801,2.256],[25.7523,2.2312],[25.6745,2.1645],[25.5879,2.1509],[25.4774,2.1782],[25.3758,2.2227],[25.3535,2.2452],[25.277,2.2552],[25.1439,2.1866],[24.8109,2.2458],[24.5685,2.2151],[24.3591,2.2361],[24.1138,2.165],[23.983,2.1818],[23.8032,2.1803],[23.6598,2.2905],[23.6358,2.2968],[23.6296,2.3929],[23.5793,2.3999],[23.5612,2.36],[23.5796,2.1942],[23.4775,2.183],[23.3218,2.2849],[23.3078,2.2559],[23.308,2.2017],[23.3265,2.141],[23.3126,2.0899],[23.2712,2.1061],[23.2328,2.086],[23.188,2.093],[23.1049,2.1717],[23.018,2.2198],[23.0027,2.1764],[22.9727,2.1858],[22.9727,2.1588],[22.9292,2.1422],[22.9457,2.1209],[22.9228,2.0917],[22.9007,2.1002],[22.8904,2.0738],[22.8656,2.0658],[22.8586,2.0481],[22.8166,2.028],[22.7932,2.0364],[22.7792,2.0143],[22.752,2.0405],[22.6756,2.0752],[22.6475,2.1094],[22.4512,2.1437],[22.3612,2.172],[22.3636,2.0553],[22.4058,2.0456],[22.47,1.9843],[22.4905,1.915],[22.4254,1.8664],[22.4156,1.8078],[22.3576,1.791],[22.3883,1.7323],[22.3724,1.7104],[22.3512,1.7112],[22.2894,1.6726],[22.2607,1.5315],[22.3054,1.5041],[22.3295,1.5012],[22.3365,1.5146],[22.3577,1.4991],[22.3772,1.5214],[22.3861,1.5048],[22.411,1.506],[22.4316,1.4831],[22.4385,1.4921],[22.4652,1.4789],[22.4771,1.4904],[22.4814,1.471],[22.49,1.4802],[22.5265,1.4467],[22.5373,1.4535],[22.5613,1.4411],[22.5782,1.4115],[22.6073,1.4037],[22.618,1.3752],[22.634,1.3806],[22.6549,1.3535],[22.6701,1.3278],[22.6672,1.3027],[22.6847,1.3022],[22.7,1.2824],[22.6906,1.2639],[22.7069,1.2563],[22.6976,1.2508],[22.7042,1.2366],[22.7275,1.229],[22.7302,1.2068],[22.7438,1.2035],[22.7349,1.1939],[22.7541,1.1807],[22.7642,1.1237],[22.7874,1.1118],[22.7984,1.0791],[22.7904,1.0543],[22.8097,1.0467],[22.8423,0.9974],[22.8395,0.9027],[22.8768,0.8212],[22.8834,0.723],[22.899,0.7115],[22.9181,0.6567],[22.9399,0.6482],[22.9793,0.6],[22.9347,0.5592],[22.9456,0.4783],[22.9725,0.4133],[23.0108,0.3494],[23.0828,0.2789],[23.1375,0.1569],[23.2464,0.0358],[23.3139,-0.0761],[23.358,-0.1051],[23.4083,-0.2083],[23.4131,-0.2406],[23.1068,-0.2405],[22.95,-0.406],[23.249,-0.4054],[23.2406,-0.468],[23.2508,-0.5195],[23.289,-0.5127],[23.3128,-0.49],[23.3541,-0.4897],[23.4217,-0.4631],[23.4796,-0.4701],[23.5288,-0.4403],[23.557,-0.4458],[23.6067,-0.4998],[23.6065,-0.5398],[23.6876,-0.546],[23.692,-0.5684],[23.6695,-0.6277],[23.62,-0.6446],[23.593,-0.7171],[23.5497,-0.7357],[23.4796,-0.742],[23.4862,-0.7998],[23.5478,-0.972],[23.63,-1.0356],[23.799,-1.1063],[23.8471,-1.1647],[23.9463,-1.1807],[24.0637,-1.2411],[24.1179,-1.2454],[24.1302,-1.2547],[24.1339,-1.3172],[24.148,-1.3284],[24.1811,-1.3267],[24.1925,-1.3128],[24.315,-1.3243],[24.3222,-1.4314],[24.3758,-1.5389],[24.4124,-1.7179],[24.4708,-1.7546],[24.9397,-1.7568],[24.996,-1.7446],[25.0991,-1.7642],[25.1528,-1.7517],[25.1543,-1.798],[25.1249,-1.7892],[25.1089,-1.8019],[25.2038,-1.851],[25.1462,-1.8943],[25.208,-1.9025],[25.1503,-1.9403],[25.156,-1.9763],[25.2259,-1.9412],[25.2369,-1.9702],[25.2666,-1.9488],[25.3046,-1.9438],[25.3245,-1.9615],[25.4018,-1.981],[25.4859,-1.9593],[25.5295,-1.9316],[25.5999,-1.9205],[25.6186,-1.8956],[25.6306,-1.9075],[25.6638,-1.899],[25.6733,-1.9073],[25.681,-1.8811],[25.707,-1.8802],[25.706,-1.8614],[25.7385,-1.8539],[25.7209,-1.838],[25.7392,-1.837],[25.7562,-1.854],[25.792,-1.8308],[25.794,-1.7269],[25.8132,-1.6425],[25.8098,-1.4068],[25.8804,-1.4316],[25.9004,-1.4737],[25.9469,-1.4727],[25.9582,-1.5125],[26.0028,-1.4938],[26.0347,-1.5004],[26.0417,-1.4821],[26.0611,-1.4782],[26.0472,-1.448],[26.0671,-1.4207],[26.0267,-1.4114],[26.0199,-1.3932],[26.0375,-1.378],[26.075,-1.3811],[26.0752,-1.2878],[26.1222,-1.2891],[26.138,-1.2779],[26.1169,-1.2384],[26.1375,-1.1903],[26.1361,-1.1483],[26.1672,-1.1231],[26.1397,-1.0928],[26.1383,-1.0067],[26.2095,-0.9736],[26.2373,-0.9477],[26.2335,-0.7336],[26.2665,-0.6112],[26.2917,-0.5736],[26.3933,-0.4872],[26.405,-0.4606],[26.3944,-0.4242],[26.3658,-0.39],[26.2569,-0.3181],[26.2028,-0.2561],[26.0925,-0.17],[26.0639,-0.0112],[26.0708,0.001],[26.0857,-0.0048],[26.0841,-0.0161],[26.0913,0.009],[26.1175,-0.0044],[26.1041,-0.0152],[26.1327,-0.0059],[26.1218,-0.0282],[26.1386,-0.0318],[26.1443,-0.056],[26.1691,-0.0553],[26.1744,-0.067],[26.1846,-0.0557],[26.1896,-0.0761],[26.2123,-0.083],[26.2192,-0.0694],[26.2259,-0.0922],[26.2463,-0.0876],[26.2384,-0.0967],[26.2472,-0.109],[26.2355,-0.1169],[26.2756,-0.1214],[26.3119,-0.157],[26.321,-0.1886],[26.3639,-0.1932],[26.3776,-0.2629],[26.4212,-0.2723],[26.4438,-0.2982],[26.4353,-0.3125],[26.4575,-0.3156],[26.4555,-0.326],[26.4725,-0.3292],[26.4688,-0.3407],[26.4974,-0.3459],[26.4888,-0.3645],[26.5063,-0.3687],[26.5117,-0.3937],[26.5337,-0.3895],[26.5301,-0.4049],[26.573,-0.4091],[26.5954,-0.435],[26.6152,-0.4195],[26.6428,-0.429],[26.6758,-0.4208],[26.6674,-0.3891],[26.6834,-0.3713],[26.6991,-0.3721],[26.684,-0.3344],[26.7651,-0.3315],[26.8115,-0.274],[26.853,-0.2686],[26.8771,-0.2556],[26.8857,-0.2291],[26.8958,-0.2338],[26.9259,-0.2131],[26.9256,-0.2221],[26.9919,-0.2353],[27.0536,-0.2679],[27.0682,-0.2614],[27.0855,-0.2727],[27.0974,-0.2617],[27.111,-0.2985],[27.1302,-0.3064],[27.1213,-0.327],[27.1445,-0.3745],[27.1761,-0.3668],[27.2126,-0.3792],[27.1994,-0.3902],[27.203,-0.4085],[27.1885,-0.4157],[27.2175,-0.4392],[27.3183,-0.4542],[27.3586,-0.4961],[27.3908,-0.505],[27.4744,-0.4789],[27.5142,-0.5214],[27.5944,-0.5194],[27.7158,-0.5672],[27.7631,-0.5536],[27.85,-0.4783],[27.934,-0.3426],[27.9972,-0.3189],[28.0207,-0.2865],[28.0588,-0.2732],[28.0618,-0.2559],[28.1049,-0.2458],[28.1101,-0.2222],[28.1341,-0.2017],[28.1148,-0.0152],[28.1276,0.0304],[28.1227,0.0863],[28.1269,0.1097],[28.158,0.1218],[28.1821,0.1571],[28.1643,0.1877],[28.1467,0.1921],[28.1534,0.2148],[28.1436,0.2382],[28.12,0.2414],[28.0854,0.2783],[28.0786,0.3052],[28.0615,0.3073],[28.0565,0.4026],[28.0324,0.4032],[28.0388,0.419],[28.0258,0.4296],[28.0434,0.4352],[28.043,0.4509],[28.0106,0.4567],[28.0138,0.4854],[27.996,0.4813],[27.9896,0.4931],[27.9219,0.4914],[27.9003,0.506],[27.8946,0.4896],[27.8853,0.5009],[27.869,0.4879],[27.8335,0.4924],[27.7305,0.5653],[27.7373,0.5859],[27.8164,0.5811],[27.8933,0.5964],[27.9589,0.6587],[27.9179,0.7455],[27.9258,0.8135],[27.9671,0.8918],[27.9553,0.9463],[27.8841,1.0243],[27.7468,1.0614],[27.7198,1.0803],[27.7084,1.1351],[27.7161,1.2569],[27.6905,1.2903],[27.6136,1.328],[27.5354,1.318],[27.5134,1.3474],[27.4686,1.3753],[27.4127,1.4573],[27.3883,1.5337],[27.3582,1.5353],[27.3505,1.5609],[27.291,1.5446],[27.1913,1.5721],[27.2111,1.5816],[27.2083,1.5982],[27.2165,1.588],[27.2364,1.6067],[27.2472,1.5895],[27.2757,1.5995],[27.277,1.6485],[27.2922,1.6605],[27.2887,1.6767],[27.3015,1.6732],[27.3061,1.7028],[27.2968,1.7065],[27.3625,1.779],[27.3473,1.8332],[27.4102,1.8629],[27.355,1.9827],[27.3126,2.0208],[27.2612,2.0453],[27.2344,2.0145],[27.2503,1.9907],[27.2471,1.9618],[27.2026,1.9123],[27.1452,1.8906],[27.1164,1.9089],[27.0783,1.9018],[27.0346,1.9125],[27.0279,1.9225],[27.0413,1.9382]]]}},{"type":"Feature","properties":{"name":"Lower Uele","code":"28894549B47695765788779","iso":"COD"},"geometry":{"type":"Polygon","coordinates":[[[26.9991,5.1716],[26.9287,5.1391],[26.908,5.0813],[26.887,5.0784],[26.8693,5.0355],[26.8527,5.0368],[26.8407,5.0584],[26.8027,5.0493],[26.7783,5.0759],[26.7826,5.0895],[26.7656,5.0875],[26.7678,5.1091],[26.7271,5.0992],[26.7213,5.107],[26.7186,5.0953],[26.7073,5.1076],[26.6898,5.0914],[26.681,5.101],[26.6775,5.0871],[26.6528,5.0782],[26.6375,5.0935],[26.626,5.0672],[26.6136,5.094],[26.5945,5.0782],[26.5728,5.087],[26.5644,5.0669],[26.5513,5.082],[26.537,5.0487],[26.5368,5.0744],[26.523,5.0468],[26.5117,5.0558],[26.499,5.0461],[26.4919,5.0593],[26.484,5.0477],[26.4794,5.0652],[26.4514,5.0677],[26.4523,5.0979],[26.4364,5.0933],[26.4369,5.1157],[26.4166,5.1149],[26.4124,5.136],[26.3954,5.1232],[26.3858,5.1517],[26.3674,5.1426],[26.3488,5.1608],[26.34,5.1479],[26.3244,5.1537],[26.3235,5.1397],[26.3093,5.1572],[26.2972,5.1417],[26.2936,5.1635],[26.2787,5.1616],[26.2852,5.1713],[26.2484,5.1775],[26.2576,5.1919],[26.2497,5.2022],[26.2333,5.1885],[26.2345,5.2137],[26.2144,5.1949],[26.2062,5.2155],[26.2182,5.2196],[26.2055,5.2425],[26.1868,5.2237],[26.1848,5.2479],[26.1566,5.2388],[26.1576,5.2615],[26.1288,5.2676],[26.133,5.2568],[26.1145,5.2374],[26.0895,5.2442],[26.0939,5.2136],[26.0661,5.2176],[26.0606,5.1949],[26.0486,5.2254],[26.0362,5.2088],[26.008,5.2104],[26.0044,5.2361],[25.9863,5.2252],[25.9747,5.2473],[25.9568,5.2158],[25.9626,5.1996],[25.9347,5.2106],[25.9235,5.2006],[25.9034,5.2055],[25.9133,5.1796],[25.8994,5.1685],[25.8946,5.2039],[25.8753,5.2095],[25.881,5.2239],[25.8423,5.2169],[25.8286,5.1908],[25.8135,5.2233],[25.7999,5.2205],[25.8154,5.2502],[25.7811,5.2409],[25.7937,5.257],[25.7851,5.2782],[25.765,5.2691],[25.7802,5.2581],[25.7399,5.2405],[25.7363,5.2707],[25.7148,5.2707],[25.7065,5.3025],[25.6694,5.3162],[25.6581,5.3075],[25.6479,5.3321],[25.635,5.3289],[25.6304,5.3042],[25.619,5.3229],[25.5946,5.3255],[25.6222,5.3495],[25.59,5.3483],[25.5788,5.3783],[25.5317,5.3919],[25.5386,5.3578],[25.4986,5.3439],[25.4785,5.3638],[25.4696,5.3447],[25.4338,5.3406],[25.4215,5.3106],[25.4047,5.3098],[25.3901,5.3383],[25.3859,5.3161],[25.3569,5.3092],[25.3765,5.2912],[25.3505,5.2833],[25.3359,5.2633],[25.3292,5.2078],[25.3081,5.1912],[25.3262,5.1499],[25.3484,5.1531],[25.3442,5.1107],[25.3203,5.0746],[25.326,5.0429],[25.2231,5.0103],[25.1999,5.0145],[25.191,4.9988],[25.1684,5.002],[25.1496,5.0301],[25.1206,5.0115],[25.1235,4.9873],[25.0864,4.9791],[25.0634,4.9264],[24.9565,4.9878],[24.9215,4.9755],[24.9105,4.9512],[24.8647,4.9553],[24.848,4.9242],[24.7978,4.9257],[24.7821,4.8956],[24.7649,4.8966],[24.7659,4.9108],[24.752,4.897],[24.7234,4.8949],[24.7156,4.9121],[24.6772,4.908],[24.6604,4.9185],[24.6713,4.9685],[24.6315,4.9752],[24.6187,5.0234],[24.5684,5.0331],[24.5338,5.083],[24.463,5.1043],[24.4428,5.095],[24.4536,5.0728],[24.4416,5.0558],[24.4095,5.1021],[24.378,5.1133],[24.3631,5.0726],[24.3409,5.0584],[24.3561,5.0446],[24.3842,5.0536],[24.3973,5.0347],[24.3648,5.0083],[24.2821,4.9964],[24.2666,4.9738],[24.2757,4.9522],[24.2676,4.9354],[24.2427,4.9361],[24.2465,4.9528],[24.2281,4.9579],[24.1789,4.9282],[24.1518,4.8929],[24.1109,4.9186],[24.0504,4.8864],[24.0501,4.8678],[24.0325,4.8609],[23.9995,4.8757],[23.9618,4.8748],[23.9559,4.8101],[23.8909,4.8328],[23.8548,4.8131],[23.8329,4.8348],[23.7795,4.7867],[23.7146,4.787],[23.6761,4.7648],[23.5915,4.7613],[23.5349,4.6987],[23.5026,4.6775],[23.4617,4.6787],[23.4286,4.6522],[23.4277,4.597],[23.3818,4.591],[23.3559,4.615],[23.3268,4.6084],[23.2903,4.6374],[23.2745,4.6343],[23.261,4.6729],[23.2307,4.6752],[23.174,4.7399],[23.1071,4.7112],[23.0109,4.7561],[22.9694,4.8384],[22.9391,4.8157],[22.8995,4.8148],[22.885,4.7946],[22.8971,4.7548],[22.8683,4.736],[22.8605,4.7095],[22.8406,4.6997],[22.8045,4.7284],[22.7818,4.7147],[22.7336,4.6268],[22.7315,4.5596],[22.706,4.5267],[22.7044,4.4774],[22.6787,4.4664],[22.6598,4.4941],[22.6475,4.4944],[22.5923,4.4771],[22.5967,4.4345],[22.5798,4.4152],[22.5827,4.3934],[22.6167,4.3719],[22.5985,4.3625],[22.5995,4.3505],[22.5751,4.3438],[22.5442,4.2878],[22.538,4.2574],[22.552,4.244],[22.5493,4.2187],[22.4848,4.1554],[22.4334,4.1281],[22.5372,4.1136],[22.6872,3.9981],[22.7586,3.9914],[22.7656,3.905],[22.8499,3.8647],[22.8784,3.8741],[22.893,3.8457],[22.941,3.863],[23.0704,3.8666],[23.0944,3.8853],[23.1516,3.8918],[23.1516,3.8517],[23.2163,3.8697],[23.3298,3.8385],[23.3589,3.8094],[23.3813,3.8087],[23.4087,3.8401],[23.4717,3.8171],[23.5157,3.8197],[23.5117,3.7992],[23.4869,3.7383],[23.4411,3.7006],[23.3822,3.6233],[23.3561,3.6092],[23.3328,3.6125],[23.3006,3.6406],[23.2294,3.6419],[23.2075,3.6664],[23.1711,3.6781],[23.0375,3.5475],[22.9931,3.5344],[22.9286,3.548],[22.8628,3.5078],[22.6675,3.4475],[22.6247,3.3905],[22.6149,3.3399],[22.6486,3.3124],[22.6514,3.2838],[22.5885,3.2025],[22.5774,3.161],[22.6596,3.1524],[22.7261,3.1188],[22.7597,3.124],[22.7817,3.1057],[22.7884,3.0402],[22.8278,3.019],[22.8579,3.02],[22.9056,3.0771],[22.9554,3.0804],[22.9913,3.0534],[23.0197,3.0714],[23.028,3.0503],[23.0597,3.0334],[22.9541,2.853],[22.9486,2.7746],[22.9162,2.8098],[22.8849,2.7948],[22.879,2.7574],[22.8997,2.7234],[23.0472,2.5745],[23.0984,2.5531],[23.1175,2.5644],[23.2403,2.5181],[23.2964,2.4761],[23.2833,2.47],[23.2967,2.4558],[23.3117,2.462],[23.3117,2.4969],[23.3357,2.4951],[23.3299,2.5182],[23.3494,2.5601],[23.364,2.5649],[23.4273,2.5029],[23.4519,2.5111],[23.4876,2.4758],[23.5364,2.4513],[23.5725,2.3965],[23.6296,2.3929],[23.6358,2.2968],[23.6598,2.2905],[23.8032,2.1803],[23.983,2.1818],[24.1138,2.165],[24.3591,2.2361],[24.5685,2.2151],[24.8109,2.2458],[25.1439,2.1866],[25.277,2.2552],[25.3535,2.2452],[25.3758,2.2227],[25.4774,2.1782],[25.5879,2.1509],[25.6745,2.1645],[25.7523,2.2312],[25.801,2.256],[25.9406,2.2102],[25.9744,2.2226],[26.0271,2.2674],[26.0955,2.2738],[26.1624,2.315],[26.2574,2.3439],[26.2812,2.2985],[26.2863,2.1215],[26.3185,2.0721],[26.4405,2.059],[26.5287,2.0275],[26.7381,2.1846],[26.7519,2.1753],[26.7562,2.1494],[26.787,2.1254],[26.8037,2.1443],[26.8316,2.1412],[26.8636,2.1743],[26.8871,2.147],[26.883,2.1305],[26.9126,2.1165],[26.9198,2.0891],[26.9307,2.0927],[26.9424,1.9905],[26.9758,1.9771],[26.9959,1.9562],[26.9914,1.9472],[27.032,1.9484],[27.0413,1.9382],[27.0377,1.9984],[27.0567,2.0549],[27.0502,2.1149],[27.1153,2.1712],[27.123,2.224],[27.1461,2.2489],[27.1436,2.272],[27.1751,2.293],[27.1799,2.3604],[27.1403,2.4091],[27.1316,2.52],[27.1145,2.5501],[26.9609,2.4942],[26.9132,2.5104],[26.8698,2.5449],[26.9097,2.5875],[26.9652,2.6872],[27.0139,2.7237],[27.0792,2.8376],[27.234,2.7984],[27.3226,2.7575],[27.4125,2.7729],[27.5777,2.8544],[27.5996,2.8794],[27.5973,2.9102],[27.5461,2.973],[27.5411,3.0227],[27.6016,3.0035],[27.6781,3.0366],[27.7021,3.0748],[27.6616,3.0848],[27.6688,3.1204],[27.658,3.1586],[27.6836,3.1997],[27.6885,3.2947],[27.6665,3.3231],[27.6456,3.3126],[27.6234,3.3261],[27.6251,3.3115],[27.6124,3.3065],[27.593,3.3215],[27.5758,3.3152],[27.5617,3.3317],[27.5494,3.3058],[27.5278,3.3131],[27.5198,3.3031],[27.513,3.3149],[27.4913,3.3047],[27.4703,3.3173],[27.4357,3.2947],[27.426,3.3239],[27.414,3.3042],[27.3805,3.3025],[27.377,3.2702],[27.3565,3.2939],[27.3378,3.2848],[27.3449,3.2659],[27.3245,3.2727],[27.3017,3.252],[27.221,3.3756],[27.2351,3.4374],[27.3157,3.5212],[27.3437,3.5671],[27.3419,3.6936],[27.3284,3.7698],[27.3106,3.7753],[27.2997,3.8285],[27.2499,3.8965],[27.2562,3.9174],[27.2205,3.9398],[27.1801,4.0615],[27.1818,4.1328],[27.2175,4.2899],[27.2147,4.3597],[27.1801,4.392],[27.0799,4.4314],[27.0262,4.4901],[26.9657,4.5271],[26.9896,4.7155],[27.0341,4.8595],[27.0256,4.8879],[26.9939,4.8998],[26.9756,4.9361],[26.9991,5.1716]]]}},{"type":"Feature","properties":{"name":"Mongala","code":"28894549B51646896581942","iso":"COD"},"geometry":{"type":"Polygon","coordinates":[[[23.5725,2.3965],[23.5364,2.4513],[23.4876,2.4758],[23.4519,2.5111],[23.4273,2.5029],[23.3606,2.5664],[23.3299,2.5182],[23.3357,2.4951],[23.3117,2.4969],[23.3117,2.462],[23.2967,2.4558],[23.2833,2.47],[23.2964,2.4761],[23.2403,2.5181],[23.1175,2.5644],[23.0984,2.5531],[23.075,2.56],[23.0349,2.5842],[22.879,2.7574],[22.8849,2.7948],[22.9058,2.8099],[22.9324,2.8028],[22.9486,2.7746],[22.9541,2.853],[23.0597,3.0334],[23.028,3.0503],[23.0197,3.0714],[22.9913,3.0534],[22.9659,3.0775],[22.9218,3.0806],[22.8917,3.0678],[22.8579,3.02],[22.8278,3.019],[22.7884,3.0402],[22.7817,3.1057],[22.7597,3.124],[22.7261,3.1188],[22.6596,3.1524],[22.5774,3.161],[22.5885,3.2025],[22.6514,3.2838],[22.6486,3.3124],[22.6159,3.3333],[22.6231,3.3026],[22.5559,3.1705],[22.5573,3.1238],[22.5433,3.0998],[22.5183,3.093],[22.5076,3.0251],[22.481,2.9756],[22.4596,2.9991],[22.404,3.0056],[22.3527,3.0306],[22.22,2.9721],[22.1,2.9518],[21.9987,2.9114],[21.9635,2.915],[21.9437,2.9025],[21.8872,2.9103],[21.8701,2.9012],[21.7391,2.9331],[21.5875,2.9193],[21.4941,2.9391],[21.4735,2.9571],[21.4601,2.9499],[21.4177,2.9994],[21.3954,3.0013],[21.3834,3.0196],[21.363,3.0196],[21.3429,3.0423],[21.2885,3.0676],[21.2415,3.1172],[21.2133,3.1206],[21.1703,3.1632],[21.1448,2.9224],[21.0457,3.0065],[21.0395,3.0568],[20.9825,3.1102],[20.9309,3.102],[20.8887,3.1631],[20.8503,3.1805],[20.8006,3.2449],[20.7849,3.2487],[20.7729,3.2325],[20.7619,3.2416],[20.7581,3.2188],[20.7262,3.1945],[20.7128,3.1563],[20.7105,3.1275],[20.722,3.117],[20.7028,3.0877],[20.7123,3.0716],[20.6922,3.0731],[20.7257,3.0042],[20.7099,2.9971],[20.7155,2.9634],[20.7063,2.9508],[20.7322,2.9407],[20.7193,2.9193],[20.737,2.9063],[20.7288,2.8793],[20.7486,2.8781],[20.7515,2.833],[20.781,2.8216],[20.7879,2.7396],[20.8081,2.7264],[20.8201,2.688],[20.8991,2.6051],[20.9061,2.5729],[20.8703,2.512],[20.8185,2.4803],[20.8075,2.4438],[20.7876,2.4489],[20.7821,2.4251],[20.7628,2.4302],[20.7485,2.4137],[20.7356,2.4169],[20.7274,2.4464],[20.6675,2.4126],[20.653,2.4421],[20.5684,2.401],[20.5639,2.4239],[20.5453,2.4057],[20.5288,2.421],[20.5055,2.3943],[20.5027,2.42],[20.4859,2.4351],[20.4365,2.4351],[20.4268,2.4217],[20.3963,2.4337],[20.3809,2.4214],[20.3585,2.4346],[20.3369,2.4165],[20.2995,2.417],[20.2883,2.4025],[20.2748,2.4224],[20.2569,2.4178],[20.2473,2.3934],[20.2293,2.4082],[20.1537,2.3486],[20.0915,2.3413],[20.1038,2.2989],[20.0893,2.2936],[20.0917,2.274],[20.0645,2.2517],[20.0382,2.2523],[20.0137,2.1824],[19.9919,2.1856],[19.9499,2.1481],[19.9613,2.1304],[19.9328,2.0891],[19.9429,2.0573],[19.9209,2.0423],[19.9326,2.0215],[19.9049,2.0086],[19.9062,1.9845],[19.8866,1.951],[19.8737,1.9436],[19.8564,1.9577],[19.8332,1.9449],[19.8138,1.902],[19.7791,1.9095],[19.7767,1.8786],[19.7311,1.8539],[19.4694,1.7979],[19.2305,1.6428],[19.2085,1.5775],[19.2129,1.3498],[19.4467,1.4581],[19.538,1.5272],[19.5828,1.5447],[19.6402,1.5964],[19.7059,1.6287],[19.8795,1.6608],[19.9597,1.7085],[20.0104,1.714],[20.0994,1.7534],[20.2376,1.7525],[20.3277,1.7304],[20.4047,1.6662],[20.451,1.6816],[20.5671,1.6664],[20.615,1.6986],[20.6892,1.7084],[20.7016,1.5382],[20.7532,1.4497],[20.7398,1.3912],[20.7506,1.3323],[20.7583,1.3221],[20.7818,1.3295],[20.7654,1.3046],[20.7816,1.2803],[20.7589,1.2339],[20.7544,1.1793],[20.7813,1.1651],[20.8171,1.1796],[20.8314,1.1672],[20.8437,1.1797],[20.8951,1.1865],[20.9492,1.1704],[21.0134,1.1877],[21.0227,1.0617],[20.9978,0.9947],[21.011,0.958],[21.1137,0.9098],[21.1302,0.9174],[21.233,0.8586],[21.2992,0.8479],[21.3419,0.8188],[21.3895,0.8165],[21.4128,0.8002],[21.4598,0.8035],[21.5312,0.7472],[21.5698,0.7481],[21.6339,0.7256],[21.6642,0.8196],[21.6598,0.8862],[21.7277,0.9027],[21.7636,0.8888],[21.7957,0.8581],[21.8636,0.8651],[21.91,0.9162],[21.9671,0.9511],[22.1059,0.928],[22.0859,1.0123],[22.054,1.0798],[22.0173,1.1231],[21.9377,1.1429],[21.9347,1.232],[21.8982,1.3093],[21.8631,1.3322],[21.8757,1.7012],[22.0519,1.7592],[22.1274,1.7626],[22.198,1.7592],[22.2713,1.7377],[22.324,1.7574],[22.3724,1.7104],[22.3885,1.7443],[22.3576,1.791],[22.4156,1.8078],[22.4254,1.8664],[22.48,1.8999],[22.4908,1.9263],[22.4604,1.9946],[22.4058,2.0456],[22.3636,2.0553],[22.3612,2.172],[22.4512,2.1437],[22.6475,2.1094],[22.6756,2.0752],[22.752,2.0405],[22.7792,2.0143],[22.7932,2.0364],[22.8166,2.028],[22.8586,2.0481],[22.8656,2.0658],[22.8904,2.0738],[22.9007,2.1002],[22.9228,2.0917],[22.9457,2.1209],[22.9292,2.1422],[22.9727,2.1588],[22.9727,2.1858],[23.0027,2.1764],[23.018,2.2198],[23.1049,2.1717],[23.188,2.093],[23.2328,2.086],[23.2712,2.1061],[23.3126,2.0899],[23.3265,2.141],[23.308,2.2017],[23.3078,2.2559],[23.3218,2.2849],[23.4775,2.183],[23.5796,2.1942],[23.5612,2.36],[23.5725,2.3965]]]}},{"type":"Feature","properties":{"name":"Nord-Ubangi","code":"28894549B30663222433478","iso":"COD"},"geometry":{"type":"Polygon","coordinates":[[[22.4334,4.1281],[22.2584,4.115],[22.1649,4.1548],[22.0963,4.216],[22.0438,4.2218],[22.0019,4.2455],[21.9488,4.2337],[21.859,4.2467],[21.8095,4.2869],[21.759,4.2959],[21.7372,4.3121],[21.704,4.2947],[21.6927,4.3088],[21.6767,4.3001],[21.6484,4.3123],[21.556,4.2528],[21.4792,4.2641],[21.4434,4.2926],[21.362,4.2829],[21.282,4.3448],[21.2479,4.3341],[21.2387,4.3065],[21.2135,4.2911],[21.1123,4.3422],[21.1015,4.3751],[21.0766,4.4001],[20.9483,4.4462],[20.8414,4.4543],[20.7926,4.4221],[20.7097,4.4331],[20.5831,4.4115],[20.5215,4.4567],[20.468,4.5181],[20.4463,4.5645],[20.4651,4.5997],[20.4596,4.6215],[20.4042,4.6666],[20.3856,4.7336],[20.352,4.7667],[20.251,4.789],[20.1728,4.892],[20.1041,4.9028],[20.0075,4.9713],[19.9135,4.9826],[19.8628,5.0332],[19.854,5.0672],[19.824,5.1058],[19.7958,5.1032],[19.6888,5.1453],[19.6166,5.1298],[19.5287,5.1497],[19.4803,5.1218],[19.4372,5.1324],[19.4106,5.1244],[19.3353,5.0557],[19.2341,5.0083],[19.1968,4.9415],[19.1525,4.9502],[19.1019,4.9377],[19.0161,4.7897],[19.0317,4.758],[19.053,4.7735],[19.0688,4.7744],[19.0672,4.7613],[19.1075,4.7675],[19.1203,4.7305],[19.1493,4.7329],[19.1591,4.6989],[19.1852,4.689],[19.2057,4.6983],[19.2243,4.6786],[19.254,4.6892],[19.2798,4.6749],[19.2978,4.6834],[19.3264,4.6427],[19.3735,4.6233],[19.4171,4.6759],[19.4679,4.6685],[19.4642,4.6218],[19.5112,4.5802],[19.5043,4.5705],[19.5267,4.5189],[19.5127,4.4497],[19.4554,4.3529],[19.3688,4.1517],[19.3475,4.0746],[19.2891,4.009],[19.3398,3.9961],[19.4106,3.9007],[19.4252,3.9075],[19.4162,3.9195],[19.4273,3.9391],[19.41,3.9465],[19.4306,3.9439],[19.4374,3.9545],[19.4482,3.9359],[19.4639,3.9501],[19.4518,3.9537],[19.449,3.9755],[19.4644,3.9776],[19.4626,4.0143],[19.494,4.0292],[19.503,4.0618],[19.5437,4.0439],[19.5489,4.0669],[19.593,4.0557],[19.6519,4.0814],[19.6533,4.0676],[19.6696,4.0636],[19.6814,4.0802],[19.6985,4.0524],[19.7337,4.0621],[19.7487,4.0798],[19.7677,4.0682],[19.7851,4.0865],[19.8531,4.0826],[19.9147,4.0578],[19.9397,4.0268],[19.9621,3.9443],[19.9953,3.9117],[20.1059,3.8247],[20.2083,3.7646],[20.2212,3.7319],[20.1798,3.6762],[20.1672,3.586],[20.175,3.5326],[20.1944,3.4999],[20.2731,3.4652],[20.2861,3.222],[20.1855,2.9549],[20.206,2.9143],[20.273,2.8875],[20.3826,2.8972],[20.5317,2.9793],[20.7246,3.1819],[20.7403,3.212],[20.7569,3.2169],[20.7619,3.2416],[20.7729,3.2325],[20.7928,3.2491],[20.8503,3.1805],[20.8887,3.1631],[20.9309,3.102],[20.9472,3.0967],[20.9796,3.1114],[21.033,3.0644],[21.0457,3.0065],[21.1448,2.9224],[21.1703,3.1632],[21.2133,3.1206],[21.2415,3.1172],[21.2885,3.0676],[21.3429,3.0423],[21.363,3.0196],[21.3834,3.0196],[21.3954,3.0013],[21.4177,2.9994],[21.4571,2.9514],[21.4735,2.9571],[21.4941,2.9391],[21.5875,2.9193],[21.7391,2.9331],[21.8701,2.9012],[21.8872,2.9103],[21.9437,2.9025],[21.9635,2.915],[21.9987,2.9114],[22.1,2.9518],[22.22,2.9721],[22.3527,3.0306],[22.404,3.0056],[22.4596,2.9991],[22.481,2.9756],[22.5076,3.0251],[22.5183,3.093],[22.5433,3.0998],[22.5551,3.1185],[22.5559,3.1705],[22.6212,3.2959],[22.6247,3.3905],[22.6675,3.4475],[22.8628,3.5078],[22.9286,3.548],[22.9931,3.5344],[23.0375,3.5475],[23.1711,3.6781],[23.2075,3.6664],[23.2294,3.6419],[23.3006,3.6406],[23.3328,3.6125],[23.3561,3.6092],[23.3822,3.6233],[23.4411,3.7006],[23.4761,3.7261],[23.5033,3.7725],[23.5157,3.8197],[23.4717,3.8171],[23.4031,3.8399],[23.3854,3.812],[23.3644,3.8082],[23.3298,3.8385],[23.2163,3.8697],[23.1516,3.8517],[23.1516,3.8918],[23.0944,3.8853],[23.0704,3.8666],[22.941,3.863],[22.893,3.8457],[22.8784,3.8741],[22.8499,3.8647],[22.7656,3.905],[22.7586,3.9914],[22.6872,3.9981],[22.5372,4.1136],[22.4334,4.1281]]]}},{"type":"Feature","properties":{"name":"Tshuapa","code":"28894549B79800095019512","iso":"COD"},"geometry":{"type":"Polygon","coordinates":[[[22.3724,1.7104],[22.324,1.7574],[22.2713,1.7377],[22.198,1.7592],[22.1274,1.7626],[22.0519,1.7592],[21.8757,1.7012],[21.8631,1.3322],[21.8982,1.3093],[21.9347,1.232],[21.9377,1.1429],[22.0173,1.1231],[22.054,1.0798],[22.0859,1.0123],[22.1059,0.928],[21.9671,0.9511],[21.91,0.9162],[21.8636,0.8651],[21.7957,0.8581],[21.7636,0.8888],[21.7277,0.9027],[21.6598,0.8862],[21.6642,0.8196],[21.6339,0.7256],[21.5698,0.7481],[21.5312,0.7472],[21.4598,0.8035],[21.4128,0.8002],[21.3895,0.8165],[21.3419,0.8188],[21.2992,0.8479],[21.233,0.8586],[21.1302,0.9174],[21.1137,0.9098],[21.011,0.958],[20.9978,0.9947],[21.0227,1.0617],[21.0134,1.1877],[20.9492,1.1704],[20.9361,1.1823],[20.9294,1.1719],[20.8668,1.1857],[20.8386,1.1687],[20.8171,1.1796],[20.7813,1.1651],[20.7538,1.1818],[20.7235,1.1666],[20.6658,1.1832],[20.6473,1.2031],[20.6369,1.1945],[20.5944,1.2055],[20.5961,1.2165],[20.59,1.2097],[20.5618,1.2324],[20.5357,1.2223],[20.51,1.1272],[20.4429,1.0451],[20.4219,0.8753],[20.4505,0.6762],[20.3572,0.5742],[20.3698,0.4823],[20.3323,0.44],[20.3233,0.4025],[20.3357,0.3698],[20.4285,0.2661],[20.5633,0.2217],[20.6166,0.1745],[20.6211,0.1233],[20.52,0.0645],[20.5244,0.0398],[20.5601,0.0297],[20.5777,0.0046],[20.5676,-0.0404],[20.545,-0.0641],[20.3915,-0.1172],[20.3312,-0.1675],[20.3214,-0.1981],[20.3992,-0.3245],[20.3848,-0.3444],[20.3414,-0.3183],[20.325,-0.3472],[20.3042,-0.3461],[20.3014,-0.2994],[20.2695,-0.2846],[20.2811,-0.2306],[20.2576,-0.2122],[20.1441,-0.2356],[20.1388,-0.2552],[20.1642,-0.2691],[20.1542,-0.2801],[20.1236,-0.2603],[20.0944,-0.2589],[20.0713,-0.2158],[20.0232,-0.2094],[20.0058,-0.2198],[20.0021,-0.2038],[19.9847,-0.1987],[19.9511,-0.2204],[19.9354,-0.2168],[19.9351,-0.2302],[19.8969,-0.2573],[19.9169,-0.2797],[19.8987,-0.2877],[19.9266,-0.2997],[19.932,-0.3216],[19.9525,-0.3082],[19.9613,-0.3277],[19.9751,-0.3137],[19.9941,-0.3325],[19.9941,-0.3722],[20.0072,-0.3742],[20.0117,-0.3905],[20.0359,-0.4026],[20.0449,-0.3934],[20.0788,-0.4302],[20.092,-0.4174],[20.1259,-0.4268],[20.142,-0.4842],[20.1813,-0.4998],[20.1843,-0.5303],[20.1607,-0.5618],[20.1678,-0.5892],[20.1778,-0.5829],[20.1914,-0.5947],[20.1829,-0.5989],[20.2017,-0.6206],[20.1971,-0.6307],[20.2105,-0.6295],[20.2189,-0.6636],[20.203,-0.6681],[20.2272,-0.672],[20.2283,-0.704],[20.2549,-0.6961],[20.2702,-0.7189],[20.2787,-0.7058],[20.2996,-0.7506],[20.3119,-0.7494],[20.3066,-0.762],[20.3363,-0.7624],[20.3687,-0.7854],[20.2847,-0.8583],[20.2573,-0.8649],[20.2506,-0.9091],[20.2143,-0.9448],[20.1291,-0.9579],[20.1115,-1.0405],[20.0577,-1.0886],[19.9179,-1.114],[19.8364,-1.1589],[19.7097,-1.1522],[19.6763,-1.0574],[19.6977,-0.9898],[19.6783,-0.9716],[19.6171,-0.9634],[19.5732,-1.0006],[19.5447,-1.1468],[19.5446,-1.2602],[19.5185,-1.4548],[19.46,-1.5678],[19.4878,-1.6347],[19.5144,-1.7883],[19.5728,-1.8039],[19.6017,-1.7983],[19.6831,-1.6903],[19.7367,-1.6533],[19.8153,-1.7053],[19.8489,-1.8095],[19.9058,-1.9284],[20.0031,-1.9492],[20.1856,-1.9472],[20.2884,-2.145],[20.3969,-2.2166],[20.4564,-2.1995],[20.6583,-2.079],[20.796,-2.0325],[20.8967,-2.149],[20.912,-2.2984],[20.9273,-2.3154],[20.9756,-2.3195],[21.0009,-2.3571],[21.0053,-2.5326],[21.214,-2.5354],[21.2446,-2.5113],[21.2713,-2.4646],[21.3105,-2.4868],[21.313,-2.5013],[21.3377,-2.5009],[21.3556,-2.5174],[21.4241,-2.5129],[21.4766,-2.543],[21.5235,-2.5492],[21.5709,-2.5824],[21.5911,-2.6127],[21.697,-2.6687],[21.8516,-2.536],[21.9519,-2.4156],[22.0486,-2.3708],[22.1397,-2.2764],[22.1761,-2.2908],[22.1906,-2.3133],[22.1831,-2.4114],[22.1986,-2.4478],[22.2514,-2.4669],[22.2872,-2.4456],[22.2911,-2.3825],[22.2331,-2.1978],[22.2069,-2.0383],[22.1664,-1.9422],[22.185,-1.9033],[22.3214,-1.9403],[22.5097,-1.9589],[22.59,-1.8744],[22.6256,-1.8011],[22.6428,-1.8169],[22.6797,-1.8067],[22.7633,-1.8539],[22.8203,-1.8586],[22.8703,-1.8842],[22.9094,-1.9142],[22.9367,-1.9622],[23.0058,-1.9319],[23.0739,-1.9319],[23.1217,-1.9533],[23.1672,-1.9965],[23.1937,-2.009],[23.2651,-2.012],[23.3452,-2.0766],[23.4081,-2.0948],[23.4884,-2.0434],[23.5328,-1.9876],[23.5694,-1.9831],[23.6178,-2.0174],[23.6699,-2.0251],[23.7104,-2.0132],[23.7717,-1.9568],[23.8493,-1.9439],[23.8577,-1.8989],[23.8391,-1.831],[23.8823,-1.8257],[23.9882,-1.8706],[24.0048,-1.7628],[24.0416,-1.7476],[24.2121,-1.7409],[24.2082,-1.6939],[24.4124,-1.7179],[24.3758,-1.5389],[24.3222,-1.4314],[24.315,-1.3243],[24.1925,-1.3128],[24.1811,-1.3267],[24.148,-1.3284],[24.1339,-1.3172],[24.1302,-1.2547],[24.1179,-1.2454],[24.0637,-1.2411],[23.9463,-1.1807],[23.8471,-1.1647],[23.799,-1.1063],[23.63,-1.0356],[23.5478,-0.972],[23.4862,-0.7998],[23.4796,-0.742],[23.5497,-0.7357],[23.593,-0.7171],[23.62,-0.6446],[23.6695,-0.6277],[23.692,-0.5684],[23.6876,-0.546],[23.6065,-0.5398],[23.6067,-0.4998],[23.557,-0.4458],[23.5288,-0.4403],[23.4796,-0.4701],[23.4217,-0.4631],[23.3541,-0.4897],[23.3128,-0.49],[23.289,-0.5127],[23.2508,-0.5195],[23.2406,-0.468],[23.249,-0.4054],[22.95,-0.406],[23.1068,-0.2405],[23.4131,-0.2406],[23.4083,-0.2083],[23.358,-0.1051],[23.3139,-0.0761],[23.2464,0.0358],[23.1375,0.1569],[23.0828,0.2789],[23.0108,0.3494],[22.9725,0.4133],[22.9456,0.4783],[22.9347,0.5592],[22.9793,0.6],[22.9399,0.6482],[22.9181,0.6567],[22.899,0.7115],[22.8834,0.723],[22.8768,0.8212],[22.8395,0.9027],[22.8423,0.9974],[22.8097,1.0467],[22.7904,1.0543],[22.7984,1.0791],[22.7874,1.1118],[22.7642,1.1237],[22.7541,1.1807],[22.7349,1.1939],[22.7438,1.2035],[22.7302,1.2068],[22.7275,1.229],[22.7042,1.2366],[22.6976,1.2508],[22.7069,1.2563],[22.6906,1.2639],[22.7,1.2824],[22.6847,1.3022],[22.6672,1.3027],[22.6701,1.3278],[22.6549,1.3535],[22.634,1.3806],[22.618,1.3752],[22.6073,1.4037],[22.5782,1.4115],[22.5613,1.4411],[22.5373,1.4535],[22.5265,1.4467],[22.49,1.4802],[22.4814,1.471],[22.4771,1.4904],[22.4652,1.4789],[22.4385,1.4921],[22.4316,1.4831],[22.411,1.506],[22.3861,1.5048],[22.3772,1.5214],[22.3577,1.4991],[22.345,1.5132],[22.326,1.5005],[22.2925,1.5073],[22.2752,1.5258],[22.2647,1.5206],[22.2894,1.6726],[22.3512,1.7112],[22.3724,1.7104]]]}},{"type":"Feature","properties":{"name":"Équateur","code":"28894549B37294008176905","iso":"COD"},"geometry":{"type":"Polygon","coordinates":[[[19.9034,2.0013],[19.4893,2.0013],[19.1365,2.1263],[18.9602,1.9957],[18.8929,1.973],[18.7156,1.9621],[18.5632,1.8843],[18.4491,1.9404],[18.0758,1.9088],[18.0636,1.8558],[18.0778,1.7289],[18.0706,1.5286],[17.971,1.35],[17.9261,1.1456],[17.8479,1.0289],[17.8399,0.9779],[17.8406,0.9244],[17.8807,0.8447],[17.8891,0.7759],[17.8692,0.7019],[17.868,0.614],[17.8855,0.5711],[17.9365,0.5306],[17.9658,0.4778],[17.9581,0.3781],[17.9311,0.3233],[17.8213,0.2334],[17.774,0.1225],[17.7342,-0.0641],[17.6767,-0.1678],[17.6647,-0.2574],[17.7155,-0.3657],[17.6868,-0.5823],[17.6356,-0.6693],[17.5753,-0.6994],[17.5297,-0.7447],[17.3439,-0.9901],[17.2488,-1.0363],[17.1444,-1.0583],[16.9858,-1.1444],[16.8072,-1.3164],[16.7197,-1.4697],[16.6631,-1.62],[16.5281,-1.8622],[16.5803,-1.9225],[16.6233,-2.0006],[16.9008,-2.0006],[16.8975,-1.8908],[16.8806,-1.8669],[16.8125,-1.8342],[16.8186,-1.7894],[17.0222,-1.8225],[17.0772,-1.81],[17.1703,-1.7333],[17.5347,-1.5189],[17.68,-1.4753],[17.765,-1.4217],[17.9308,-1.375],[18.0719,-1.2581],[18.1111,-1.21],[18.1481,-1.1286],[18.3606,-1.1572],[18.4264,-1.2264],[18.51,-1.2656],[18.5806,-1.265],[18.6867,-1.2325],[18.7689,-1.2389],[18.81,-1.23],[18.8711,-1.1592],[18.8806,-1.1306],[18.7972,-1.0217],[18.795,-0.9306],[18.8192,-0.8956],[18.9347,-0.8353],[18.9869,-0.7353],[19.0211,-0.7564],[19.0617,-0.8442],[19.0836,-0.9956],[19.2131,-1.1889],[19.3117,-1.2703],[19.3672,-1.4347],[19.46,-1.5678],[19.5185,-1.4548],[19.5446,-1.2602],[19.5447,-1.1468],[19.5808,-0.9929],[19.6171,-0.9634],[19.6831,-0.9745],[19.6977,-0.9898],[19.6763,-1.0574],[19.7097,-1.1522],[19.8364,-1.1589],[19.9179,-1.114],[20.0577,-1.0886],[20.1115,-1.0405],[20.1291,-0.9579],[20.2143,-0.9448],[20.2506,-0.9091],[20.2573,-0.8649],[20.2847,-0.8583],[20.3576,-0.799],[20.369,-0.7823],[20.3583,-0.7719],[20.3494,-0.7806],[20.3363,-0.7624],[20.3066,-0.762],[20.3119,-0.7494],[20.2996,-0.7506],[20.2787,-0.7058],[20.2702,-0.7189],[20.2549,-0.6961],[20.2283,-0.704],[20.2272,-0.672],[20.203,-0.6681],[20.2189,-0.6636],[20.2105,-0.6295],[20.1971,-0.6307],[20.2017,-0.6206],[20.1829,-0.5989],[20.1914,-0.5947],[20.1778,-0.5829],[20.1678,-0.5892],[20.1607,-0.5618],[20.1843,-0.5303],[20.1813,-0.4998],[20.142,-0.4842],[20.1259,-0.4268],[20.092,-0.4174],[20.0788,-0.4302],[20.0449,-0.3934],[20.0359,-0.4026],[20.0117,-0.3905],[20.0072,-0.3742],[19.9941,-0.3722],[19.9941,-0.3325],[19.9751,-0.3137],[19.9613,-0.3277],[19.9525,-0.3082],[19.932,-0.3216],[19.9266,-0.2997],[19.8987,-0.2877],[19.9169,-0.2797],[19.8969,-0.2573],[19.9351,-0.2302],[19.9354,-0.2168],[19.9511,-0.2204],[19.9847,-0.1987],[20.0021,-0.2038],[20.0058,-0.2198],[20.0232,-0.2094],[20.0713,-0.2158],[20.0944,-0.2589],[20.1236,-0.2603],[20.1542,-0.2801],[20.1642,-0.2691],[20.1388,-0.2552],[20.1441,-0.2356],[20.2576,-0.2122],[20.2811,-0.2306],[20.2695,-0.2846],[20.3014,-0.2994],[20.3042,-0.3461],[20.325,-0.3472],[20.3414,-0.3183],[20.3848,-0.3444],[20.3992,-0.3245],[20.3214,-0.1981],[20.3312,-0.1675],[20.3915,-0.1172],[20.545,-0.0641],[20.5676,-0.0404],[20.5777,0.0046],[20.5601,0.0297],[20.5244,0.0398],[20.52,0.0645],[20.6211,0.1233],[20.6166,0.1745],[20.5633,0.2217],[20.4285,0.2661],[20.3357,0.3698],[20.3233,0.4025],[20.3323,0.44],[20.3698,0.4823],[20.3572,0.5742],[20.4505,0.6762],[20.4219,0.8753],[20.4459,1.057],[20.51,1.1272],[20.5455,1.2332],[20.59,1.2097],[20.5961,1.2165],[20.5944,1.2055],[20.6369,1.1945],[20.6473,1.2031],[20.6658,1.1832],[20.7235,1.1666],[20.7538,1.1818],[20.7589,1.2339],[20.7779,1.2657],[20.7654,1.3046],[20.7818,1.3295],[20.7583,1.3221],[20.7506,1.3323],[20.7398,1.3912],[20.7532,1.4497],[20.7106,1.5088],[20.6937,1.5798],[20.6947,1.7037],[20.615,1.6986],[20.5671,1.6664],[20.451,1.6816],[20.4047,1.6662],[20.3277,1.7304],[20.2376,1.7525],[20.0994,1.7534],[20.0104,1.714],[19.9597,1.7085],[19.8795,1.6608],[19.7059,1.6287],[19.6402,1.5964],[19.5828,1.5447],[19.538,1.5272],[19.4467,1.4581],[19.2129,1.3498],[19.2085,1.5775],[19.2305,1.6428],[19.4694,1.7979],[19.7311,1.8539],[19.7767,1.8786],[19.7791,1.9095],[19.8138,1.902],[19.8332,1.9449],[19.8564,1.9577],[19.8737,1.9436],[19.8866,1.951],[19.9034,2.0013]]]}},{"type":"Feature","properties":{"name":"Haut-Katanga","code":"28894549B50925261891635","iso":"COD"},"geometry":{"type":"Polygon","coordinates":[[[25.4923,-11.7083],[25.4994,-11.7513],[25.4868,-11.7702],[25.5057,-11.7913],[25.5835,-11.7581],[25.5959,-11.7345],[25.6511,-11.7314],[25.6664,-11.7698],[25.7148,-11.8167],[25.8238,-11.8306],[25.8539,-11.8096],[25.8869,-11.8083],[25.8877,-11.8499],[25.9058,-11.8689],[25.9325,-11.888],[25.9622,-11.8793],[25.9922,-11.9072],[25.9798,-11.9479],[26.0494,-11.9363],[26.1856,-11.938],[26.2081,-11.9208],[26.2302,-11.9342],[26.2394,-11.9279],[26.2492,-11.9427],[26.2931,-11.9418],[26.3127,-11.9636],[26.4315,-11.9107],[26.4779,-11.9186],[26.4999,-11.952],[26.5393,-11.9618],[26.5662,-11.9844],[26.591,-11.9672],[26.7092,-12.0064],[26.7684,-11.9561],[26.8195,-11.987],[26.8762,-11.9851],[26.9155,-11.9511],[26.9156,-11.9375],[26.9388,-11.9399],[26.961,-11.9159],[26.9665,-11.8817],[27.0069,-11.8424],[26.9953,-11.8254],[27.0084,-11.8154],[27.0043,-11.7477],[27.0315,-11.737],[27.0476,-11.7072],[27.0179,-11.6148],[27.0503,-11.5931],[27.0796,-11.6073],[27.1204,-11.5889],[27.1594,-11.6013],[27.2051,-11.5631],[27.2354,-11.6834],[27.2189,-11.7461],[27.2294,-11.7853],[27.3389,-11.8307],[27.3382,-11.8416],[27.4627,-11.9288],[27.4763,-11.9543],[27.4627,-12.007],[27.4701,-12.053],[27.4976,-12.0587],[27.5336,-12.1773],[27.5695,-12.207],[27.6165,-12.2219],[27.63,-12.2575],[27.6225,-12.2704],[27.6512,-12.2862],[27.7289,-12.2797],[27.7627,-12.2932],[27.7708,-12.2721],[27.815,-12.2514],[27.8122,-12.2217],[27.8416,-12.2361],[27.932,-12.2412],[27.9296,-12.2714],[27.961,-12.3145],[27.9458,-12.3422],[27.9558,-12.359],[27.9909,-12.3385],[28.0429,-12.3553],[28.079,-12.3488],[28.1224,-12.439],[28.1502,-12.4279],[28.1453,-12.3988],[28.1707,-12.3777],[28.1917,-12.3801],[28.1893,-12.4013],[28.22,-12.404],[28.2303,-12.4225],[28.2576,-12.4079],[28.2808,-12.427],[28.3228,-12.4196],[28.3488,-12.4534],[28.3747,-12.4605],[28.3991,-12.5004],[28.448,-12.5164],[28.4373,-12.5538],[28.5236,-12.6134],[28.5347,-12.6377],[28.5128,-12.6866],[28.4614,-12.6966],[28.4567,-12.7316],[28.543,-12.8235],[28.5365,-12.8527],[28.5652,-12.8974],[28.5826,-12.897],[28.6099,-12.8329],[28.6538,-12.8147],[28.6754,-12.8464],[28.729,-12.8813],[28.7539,-12.9416],[28.7827,-12.9386],[28.8009,-12.9834],[28.8172,-12.9865],[28.8257,-13.005],[28.828,-13.0618],[28.8415,-13.0711],[28.8232,-13.0813],[28.8475,-13.1097],[28.8385,-13.1458],[28.9039,-13.1643],[28.9606,-13.3388],[28.9617,-13.3752],[28.9971,-13.3685],[28.9832,-13.3893],[29.0057,-13.4232],[29.1195,-13.3675],[29.1664,-13.4042],[29.1785,-13.4488],[29.2126,-13.4127],[29.2976,-13.3748],[29.3162,-13.3339],[29.352,-13.3531],[29.3616,-13.3255],[29.4413,-13.3133],[29.5044,-13.248],[29.5856,-13.2037],[29.6409,-13.2436],[29.675,-13.2246],[29.6693,-13.2535],[29.6824,-13.2506],[29.6463,-13.2944],[29.6566,-13.3106],[29.6499,-13.3498],[29.6044,-13.3648],[29.6217,-13.3751],[29.6131,-13.4037],[29.6385,-13.4327],[29.6556,-13.438],[29.6724,-13.424],[29.7264,-13.459],[29.7764,-13.4332],[29.8148,-13.4445],[29.8148,-12.1499],[29.7725,-12.1494],[29.7417,-12.1729],[29.7376,-12.2041],[29.728,-12.1998],[29.7161,-12.2079],[29.7208,-12.2186],[29.6815,-12.2322],[29.6464,-12.234],[29.6263,-12.2138],[29.6168,-12.2213],[29.6002,-12.1963],[29.5782,-12.1992],[29.5751,-12.1818],[29.5313,-12.2308],[29.4824,-12.2494],[29.4606,-12.334],[29.489,-12.3967],[29.5257,-12.3927],[29.5305,-12.4056],[29.5181,-12.4367],[29.4794,-12.4602],[29.3737,-12.4127],[29.3217,-12.4221],[29.3005,-12.4109],[29.3051,-12.3941],[29.2695,-12.3606],[29.2395,-12.3788],[29.1539,-12.378],[29.125,-12.3967],[29.1075,-12.3754],[29.0769,-12.3889],[29.0415,-12.3841],[29.0057,-12.2854],[28.9175,-12.1724],[28.8655,-12.1471],[28.8319,-12.0934],[28.7762,-12.0464],[28.7545,-11.9791],[28.7001,-11.9844],[28.6317,-11.9396],[28.6154,-11.9083],[28.5754,-11.9108],[28.5137,-11.8772],[28.4953,-11.884],[28.4822,-11.8323],[28.4527,-11.8401],[28.4356,-11.816],[28.4553,-11.7752],[28.4187,-11.7243],[28.4378,-11.6981],[28.4206,-11.6793],[28.4339,-11.6513],[28.3894,-11.5949],[28.3848,-11.5655],[28.3959,-11.4756],[28.4237,-11.4471],[28.4295,-11.384],[28.456,-11.3717],[28.4532,-11.3008],[28.4895,-11.2401],[28.4812,-11.2008],[28.4987,-11.179],[28.4998,-11.1469],[28.4766,-11.1035],[28.5126,-11.0203],[28.5104,-10.9702],[28.5403,-10.9475],[28.5494,-10.8471],[28.6038,-10.7686],[28.6087,-10.725],[28.6216,-10.7148],[28.6623,-10.7223],[28.6628,-10.6847],[28.6972,-10.6738],[28.6884,-10.6376],[28.6592,-10.6265],[28.6735,-10.5634],[28.6575,-10.5327],[28.6298,-10.5183],[28.6421,-10.5026],[28.6336,-10.4656],[28.6475,-10.4497],[28.6184,-10.3647],[28.6344,-10.2999],[28.6121,-10.2866],[28.6073,-10.2614],[28.5758,-10.2262],[28.6101,-10.1644],[28.6269,-10.1638],[28.6289,-10.0626],[28.6443,-10.0462],[28.643,-10.017],[28.6212,-9.9971],[28.6279,-9.9449],[28.6596,-9.8832],[28.6757,-9.8118],[28.6888,-9.8155],[28.6967,-9.8016],[28.6706,-9.7778],[28.6778,-9.7647],[28.6685,-9.751],[28.6358,-9.7469],[28.6182,-9.7182],[28.6311,-9.6978],[28.6055,-9.6191],[28.6122,-9.5927],[28.5811,-9.5759],[28.6189,-9.5525],[28.6118,-9.5442],[28.5823,-9.562],[28.5719,-9.5502],[28.5727,-9.4868],[28.5597,-9.4747],[28.5352,-9.4781],[28.5371,-9.4549],[28.5133,-9.4482],[28.5247,-9.3933],[28.5172,-9.4026],[28.5054,-9.3859],[28.5062,-9.363],[28.4941,-9.3874],[28.4942,-9.3974],[28.5131,-9.3948],[28.4947,-9.417],[28.4994,-9.4563],[28.48,-9.4641],[28.5229,-9.4658],[28.5329,-9.4978],[28.5299,-9.5108],[28.5191,-9.5064],[28.556,-9.5181],[28.5437,-9.5685],[28.5523,-9.5785],[28.5229,-9.5684],[28.5075,-9.5472],[28.5382,-9.5416],[28.5408,-9.5289],[28.4978,-9.5184],[28.4069,-9.5242],[28.3392,-9.4854],[28.361,-9.4698],[28.3744,-9.4356],[28.3598,-9.4041],[28.3218,-9.374],[28.3419,-9.3399],[28.3307,-9.3149],[28.3441,-9.2923],[28.3241,-9.2634],[28.3447,-9.2583],[28.3619,-9.1977],[28.3371,-9.1483],[28.3433,-9.0914],[28.3938,-9.0621],[28.48,-8.9803],[28.6712,-8.7449],[28.7265,-8.711],[28.8884,-8.4808],[29.607,-8.4068],[29.6297,-8.3956],[29.5596,-8.3236],[29.5356,-8.2409],[29.5374,-8.1981],[29.5669,-8.1147],[29.6368,-8.0316],[29.6542,-7.9896],[29.5923,-7.8638],[29.5697,-7.8441],[29.4855,-7.8449],[29.4433,-7.7374],[29.4036,-7.7112],[29.3602,-7.7073],[29.1705,-7.7383],[29.1465,-7.8218],[29.1101,-7.8286],[28.9429,-7.7813],[28.8803,-7.8212],[28.8595,-7.8669],[28.8187,-7.8896],[28.7768,-7.8885],[28.7244,-7.8645],[28.6807,-7.8235],[28.6511,-7.7682],[28.6096,-7.6108],[28.5673,-7.5824],[28.5265,-7.5803],[28.4424,-7.6242],[28.4071,-7.6965],[28.4104,-7.7364],[28.4421,-7.7669],[28.5394,-7.8215],[28.5441,-7.8632],[28.4997,-7.9462],[28.4724,-8.0724],[28.4429,-8.1195],[28.318,-8.1904],[28.2354,-8.2153],[28.1087,-8.2901],[28.0672,-8.2984],[28.0336,-8.2823],[28.0256,-8.2187],[27.9426,-8.1695],[27.8588,-8.1379],[27.794,-8.1335],[27.7768,-8.1563],[27.7448,-8.156],[27.649,-8.0529],[27.6063,-8.0515],[27.5343,-8.0731],[27.519,-8.1148],[27.4825,-8.1317],[27.3573,-8.1735],[27.3114,-8.1525],[27.2346,-8.1984],[27.204,-8.2401],[27.1487,-8.3832],[27.0653,-8.4674],[27.0606,-8.4904],[27.1072,-8.5324],[27.1072,-8.5497],[27.069,-8.5738],[27.0235,-8.6349],[26.8571,-8.7476],[26.8152,-8.7537],[26.8093,-8.6983],[26.759,-8.667],[26.7701,-8.6796],[26.7632,-8.686],[26.7347,-8.6698],[26.714,-8.6867],[26.7214,-8.7252],[26.7099,-8.7659],[26.7258,-8.8427],[26.6845,-8.8758],[26.6704,-8.9606],[26.6809,-8.9896],[26.615,-9.0604],[26.5837,-9.0632],[26.5554,-9.088],[26.5255,-9.1454],[26.4985,-9.1504],[26.4871,-9.1873],[26.4617,-9.2136],[26.5024,-9.2702],[26.4631,-9.374],[26.48,-9.4406],[26.3362,-9.593],[26.3435,-9.6181],[26.3202,-9.7026],[26.3206,-9.7443],[26.3391,-9.7849],[26.4404,-9.837],[26.6498,-9.8893],[26.7336,-9.8978],[26.8156,-9.9366],[26.868,-9.9092],[26.9842,-9.8905],[27.0658,-9.9228],[27.1055,-9.9939],[27.1059,-10.0352],[26.969,-10.2035],[26.9657,-10.2445],[27.0244,-10.2686],[27.067,-10.3127],[27.1049,-10.3282],[27.15,-10.3695],[27.149,-10.4076],[27.1024,-10.4529],[26.9815,-10.4882],[26.6872,-10.4536],[26.6063,-10.4745],[26.5961,-10.496],[26.6202,-10.5787],[26.6009,-10.6204],[26.5998,-10.7045],[26.5748,-10.8289],[26.44,-10.8764],[26.4171,-10.9128],[26.3567,-11.1637],[26.3145,-11.1824],[26.2496,-11.0786],[26.2765,-10.9122],[26.2492,-10.8701],[26.1894,-10.8795],[26.1061,-10.9443],[26.0646,-10.95],[25.9811,-10.9318],[25.9385,-10.9735],[25.8559,-11.0059],[25.8351,-11.0386],[25.8665,-11.1213],[25.8632,-11.1644],[25.7828,-11.2475],[25.7919,-11.3298],[25.7726,-11.387],[25.667,-11.5391],[25.4923,-11.7083]]]}},{"type":"Feature","properties":{"name":"Haut-Lomami","code":"28894549B30623489313038","iso":"COD"},"geometry":{"type":"Polygon","coordinates":[[[27.794,-8.1335],[27.8074,-8.1157],[27.8249,-7.9899],[27.858,-7.9047],[27.8583,-7.776],[27.8168,-7.767],[27.7749,-7.7857],[27.7461,-7.7807],[27.6896,-7.7394],[27.6838,-7.573],[27.651,-7.5299],[27.5257,-7.4959],[27.3166,-7.4896],[27.2759,-7.5058],[27.2311,-7.5705],[27.1914,-7.5996],[26.9831,-7.5811],[26.8993,-7.556],[26.7747,-7.4738],[26.692,-7.4731],[26.6108,-7.4466],[26.5409,-7.405],[26.5183,-7.3629],[26.4611,-7.3633],[26.4367,-7.3213],[26.3725,-7.2794],[26.384,-7.2626],[26.3815,-7.2214],[26.4015,-7.1924],[26.3915,-7.1657],[26.4228,-7.1545],[26.461,-7.1128],[26.4643,-7.0715],[26.4402,-7.0452],[26.3572,-7.0198],[26.3535,-6.9878],[26.3164,-6.967],[26.2738,-7.0019],[26.1856,-6.9459],[26.1623,-6.9049],[26.1619,-6.8618],[26.1353,-6.8204],[26.1484,-6.7421],[26.1076,-6.7184],[26.0242,-6.6962],[25.9827,-6.6631],[25.9531,-6.611],[25.9415,-6.5294],[25.9808,-6.4974],[26.1053,-6.4704],[26.1479,-6.4233],[26.1636,-6.3614],[26.1439,-6.2617],[26.0358,-6.2603],[25.9914,-6.3033],[25.9667,-6.3081],[25.9475,-6.2922],[25.9513,-6.225],[25.9405,-6.2129],[25.8569,-6.1608],[25.824,-6.1618],[25.8334,-6.1866],[25.8111,-6.2123],[25.7176,-6.2494],[25.7036,-6.2449],[25.6862,-6.2802],[25.5209,-6.2976],[25.4907,-6.3413],[25.447,-6.3328],[25.4324,-6.3592],[25.402,-6.3448],[25.3706,-6.3806],[25.3097,-6.3864],[25.3033,-6.4246],[25.2694,-6.4337],[25.2865,-6.4677],[25.323,-6.4893],[25.3653,-6.5458],[25.3783,-6.552],[25.3857,-6.5401],[25.4042,-6.5579],[25.4151,-6.5521],[25.4177,-6.5699],[25.4711,-6.6092],[25.4713,-6.6702],[25.4471,-6.6982],[25.4524,-6.7148],[25.4412,-6.7163],[25.4522,-6.7355],[25.3766,-6.797],[25.3036,-6.8172],[25.2856,-6.7622],[25.2528,-6.7239],[25.1558,-6.6731],[25.0581,-6.6581],[24.9497,-6.6658],[24.9061,-6.7214],[24.9119,-6.7864],[24.827,-6.8396],[24.7824,-6.8921],[24.7517,-6.8902],[24.6989,-6.9545],[24.6582,-6.9515],[24.6477,-6.9815],[24.6603,-7.0019],[24.5582,-7.0228],[24.5409,-7.0037],[24.5168,-7.065],[24.4012,-7.0476],[24.3828,-7.0597],[24.3467,-7.0581],[24.2697,-7.0138],[24.2346,-7.0188],[24.2192,-7.0104],[24.2315,-6.9736],[24.209,-6.9291],[24.1891,-6.9095],[24.1516,-6.9031],[24.1598,-6.9355],[24.1225,-6.9467],[24.1565,-6.9837],[24.1335,-6.9993],[24.1507,-7.017],[24.1459,-7.0481],[24.1297,-7.0464],[24.1227,-7.0682],[24.0689,-7.0671],[24.0141,-7.1642],[23.9873,-7.1844],[23.9849,-7.2006],[23.9628,-7.2068],[23.9679,-7.2363],[23.9898,-7.262],[23.9703,-7.3421],[23.9981,-7.3465],[24.0128,-7.364],[23.9804,-7.3901],[23.9684,-7.4761],[23.9531,-7.5156],[23.9317,-7.5281],[23.9387,-7.5568],[23.9255,-7.5703],[23.9419,-7.5986],[23.9281,-7.6429],[23.9354,-7.6756],[23.9257,-7.6825],[23.9364,-7.6906],[23.9221,-7.7185],[23.9671,-7.8034],[23.9532,-7.8673],[23.9662,-7.8886],[23.9372,-7.9154],[23.8704,-7.8962],[23.8393,-7.9605],[23.8168,-7.9676],[23.8173,-7.9532],[23.7591,-7.9661],[23.7578,-7.9448],[23.738,-7.9429],[23.72,-7.9156],[23.6866,-7.997],[23.7182,-8.1173],[23.7215,-8.2834],[23.7153,-8.3247],[23.6757,-8.4067],[23.671,-8.4904],[23.6295,-8.5753],[23.6266,-8.6166],[23.6554,-8.7],[23.6876,-8.7481],[23.8553,-8.7764],[24.0094,-8.8672],[24.1056,-8.9423],[24.2305,-8.9817],[24.3548,-9.18],[24.3544,-9.1966],[24.1869,-9.2571],[24.1552,-9.2844],[24.1658,-9.4095],[24.1477,-9.4929],[24.1204,-9.5346],[24.0854,-9.6608],[23.9959,-9.7849],[24.0076,-9.8686],[24.0396,-9.9103],[24.146,-9.967],[24.1491,-10.0074],[24.1872,-9.9824],[24.1995,-9.9522],[24.2287,-9.927],[24.2698,-9.9575],[24.3958,-9.9797],[24.4155,-9.9934],[24.4785,-9.9707],[24.646,-9.9939],[24.7298,-9.9734],[24.8129,-9.9841],[24.8955,-9.9654],[24.9556,-10.0347],[24.9797,-10.0347],[25.0583,-9.9519],[25.3129,-9.8651],[25.5277,-9.7431],[25.5368,-9.7018],[25.5182,-9.6608],[25.5211,-9.618],[25.4926,-9.4944],[25.5218,-9.4566],[25.5618,-9.453],[25.6467,-9.5047],[25.7039,-9.4914],[25.9807,-9.663],[26.0922,-9.6596],[26.3342,-9.5964],[26.48,-9.4406],[26.4631,-9.374],[26.5024,-9.2702],[26.4617,-9.2136],[26.4871,-9.1873],[26.4985,-9.1504],[26.5255,-9.1454],[26.5554,-9.088],[26.5837,-9.0632],[26.615,-9.0604],[26.6809,-8.9896],[26.6704,-8.9606],[26.6845,-8.8758],[26.7258,-8.8427],[26.7099,-8.7659],[26.7214,-8.7252],[26.714,-8.6867],[26.7347,-8.6698],[26.7632,-8.686],[26.7701,-8.6796],[26.759,-8.667],[26.8093,-8.6983],[26.8152,-8.7537],[26.8571,-8.7476],[27.0235,-8.6349],[27.069,-8.5738],[27.1072,-8.5497],[27.1072,-8.5324],[27.0606,-8.4904],[27.0653,-8.4674],[27.1487,-8.3832],[27.204,-8.2401],[27.2346,-8.1984],[27.2879,-8.1645],[27.3114,-8.1525],[27.3573,-8.1735],[27.3977,-8.1645],[27.519,-8.1148],[27.5343,-8.0731],[27.6063,-8.0515],[27.649,-8.0529],[27.7448,-8.156],[27.7768,-8.1563],[27.794,-8.1335]]]}},{"type":"Feature","properties":{"name":"Kongo-Central","code":"28894549B38138050967839","iso":"COD"},"geometry":{"type":"MultiPolygon","coordinates":[[[[12.4806,-6.0017],[12.4717,-5.9959],[12.4634,-6.0141],[12.4806,-6.0017]]],[[[12.4806,-5.9852],[12.4253,-5.9928],[12.4103,-6.0073],[12.4153,-6.0257],[12.432,-6.0045],[12.4275,-6.0153],[12.4402,-6.0237],[12.45,-6.0042],[12.4678,-6.0086],[12.4575,-5.9942],[12.4898,-6.0039],[12.4893,-5.9832],[12.4806,-5.9852]]],[[[12.566,-6.0002],[12.5579,-6.0168],[12.581,-5.9862],[12.5477,-6.0012],[12.566,-6.0002]]],[[[12.6116,-5.9926],[12.6029,-5.9948],[12.6232,-5.9882],[12.6116,-5.9926]]],[[[12.7395,-5.9937],[12.7547,-5.98],[12.7304,-5.9956],[12.7395,-5.9937]]],[[[12.7583,-5.9453],[12.747,-5.9416],[12.7364,-5.9655],[12.7583,-5.9453]]],[[[12.8749,-5.8614],[12.7694,-5.9194],[12.7602,-5.9539],[12.7451,-5.9622],[12.7933,-5.9676],[12.8759,-5.901],[12.9539,-5.9018],[13.0047,-5.8658],[12.946,-5.8822],[12.8749,-5.8614]]],[[[12.7867,-5.8992],[12.8011,-5.8843],[12.7715,-5.8935],[12.768,-5.9079],[12.7867,-5.8992]]],[[[12.8104,-5.8839],[12.807,-5.8935],[12.8337,-5.8788],[12.8104,-5.8839]]],[[[12.945,-5.8628],[12.9242,-5.8644],[12.9679,-5.8641],[12.945,-5.8628]]],[[[12.8522,-5.8617],[12.8636,-5.8544],[12.8282,-5.8661],[12.8522,-5.8617]]],[[[12.9216,-5.8629],[12.9304,-5.858],[12.9102,-5.8595],[12.9216,-5.8629]]],[[[12.9445,-5.8591],[12.9776,-5.8582],[12.9065,-5.8416],[12.8908,-5.8494],[12.9445,-5.8591]]],[[[15.1282,-4.4441],[15.1,-4.489],[15.0282,-4.5417],[14.9832,-4.6068],[14.9036,-4.6814],[14.8366,-4.8206],[14.7681,-4.8522],[14.7007,-4.9064],[14.6511,-4.9221],[14.5908,-4.9037],[14.5617,-4.8648],[14.4937,-4.8458],[14.4154,-4.8955],[14.3989,-4.8602],[14.4193,-4.6515],[14.3906,-4.6334],[14.3846,-4.5994],[14.3513,-4.5537],[14.3615,-4.536],[14.3834,-4.5419],[14.402,-4.5157],[14.434,-4.5111],[14.4349,-4.4938],[14.4807,-4.4382],[14.4253,-4.3973],[14.3931,-4.3556],[14.3892,-4.3346],[14.4088,-4.3057],[14.4015,-4.2785],[14.3514,-4.2954],[14.3525,-4.3164],[14.3136,-4.3136],[14.3032,-4.3274],[14.2884,-4.3197],[14.2525,-4.3634],[14.2257,-4.3655],[14.2124,-4.3818],[14.1914,-4.3786],[14.1759,-4.3978],[14.1505,-4.3902],[14.0989,-4.4151],[14.0501,-4.4099],[14.0103,-4.4386],[13.997,-4.4694],[13.9488,-4.5149],[13.8545,-4.4959],[13.8586,-4.4641],[13.8472,-4.4686],[13.8353,-4.4554],[13.8447,-4.4433],[13.823,-4.4251],[13.7793,-4.424],[13.7584,-4.4449],[13.7318,-4.4448],[13.7219,-4.4684],[13.736,-4.5229],[13.7288,-4.5901],[13.7083,-4.6129],[13.7176,-4.6374],[13.6939,-4.6407],[13.6903,-4.654],[13.7233,-4.6787],[13.7236,-4.7055],[13.6742,-4.7123],[13.6993,-4.7449],[13.6803,-4.7683],[13.6482,-4.7359],[13.6193,-4.7356],[13.6362,-4.7546],[13.6241,-4.758],[13.6217,-4.7842],[13.5859,-4.8054],[13.5606,-4.7892],[13.5465,-4.7568],[13.5148,-4.7475],[13.4958,-4.8019],[13.4729,-4.8169],[13.4714,-4.8536],[13.4151,-4.8621],[13.4101,-4.8727],[13.4361,-4.899],[13.4308,-4.916],[13.3729,-4.8584],[13.3815,-4.8428],[13.3735,-4.8],[13.273,-4.7585],[13.1857,-4.6665],[13.1407,-4.594],[13.1184,-4.5827],[13.0958,-4.622],[13.1106,-4.6768],[13.0981,-4.6917],[13.0508,-4.6765],[13.0291,-4.7156],[12.985,-4.7048],[12.9434,-4.7223],[12.9232,-4.748],[12.896,-4.7358],[12.8702,-4.7505],[12.8742,-4.7628],[12.8521,-4.7523],[12.8088,-4.8258],[12.8131,-4.847],[12.7971,-4.8504],[12.7855,-4.8757],[12.7618,-4.8692],[12.7298,-4.9108],[12.7208,-4.9501],[12.681,-4.9599],[12.6491,-4.9448],[12.627,-4.95],[12.6081,-5.0246],[12.573,-5.0286],[12.5649,-5.0452],[12.5538,-5.0372],[12.5304,-5.0592],[12.4974,-5.0597],[12.4634,-5.0928],[12.4718,-5.1207],[12.4976,-5.14],[12.5184,-5.1339],[12.5374,-5.1533],[12.5227,-5.1886],[12.5233,-5.7396],[12.2708,-5.7394],[12.2159,-5.7517],[12.201,-5.7711],[12.2933,-5.8914],[12.3389,-5.9294],[12.4057,-6.0257],[12.3934,-5.9726],[12.4029,-5.9874],[12.4727,-5.9736],[12.5001,-5.9404],[12.5914,-5.909],[12.5869,-5.9183],[12.6068,-5.9014],[12.6283,-5.9078],[12.6116,-5.9243],[12.6355,-5.9411],[12.629,-5.9555],[12.6472,-5.9594],[12.6338,-5.9697],[12.6482,-5.971],[12.6534,-5.9551],[12.6648,-5.9618],[12.6221,-5.9959],[12.6569,-5.9891],[12.6401,-6.0009],[12.6759,-6.0016],[12.7028,-5.9633],[12.6712,-6.0013],[12.7021,-5.9974],[12.7282,-5.9796],[12.7305,-5.9491],[12.7665,-5.8944],[12.9104,-5.8353],[12.9901,-5.8586],[13.0886,-5.8635],[13.1137,-5.9035],[13.2227,-5.8619],[13.3542,-5.909],[13.3775,-5.8725],[13.4297,-5.8592],[13.5144,-5.8623],[13.5605,-5.8865],[13.5871,-5.8679],[13.7739,-5.8694],[13.9599,-5.8509],[13.9999,-5.8264],[14.0399,-5.8523],[14.1038,-5.8369],[14.1369,-5.8359],[14.1607,-5.8504],[14.1878,-5.8405],[14.1976,-5.8694],[14.2286,-5.8641],[14.239,-5.8808],[14.2603,-5.879],[14.2827,-5.8571],[14.2996,-5.8643],[14.3031,-5.8814],[14.348,-5.8918],[14.4617,-5.8967],[14.5054,-5.8874],[14.5958,-5.9047],[14.6996,-5.8778],[14.9447,-5.8657],[15.6801,-5.8619],[15.8144,-5.8778],[16.096,-5.866],[16.1131,-5.8331],[16.1861,-5.7833],[16.2033,-5.7206],[16.2098,-5.5814],[16.1951,-5.4565],[16.2268,-5.382],[16.2193,-5.328],[16.2512,-5.2362],[16.2524,-5.161],[16.2277,-5.1345],[16.2476,-5.0635],[16.2382,-5.0485],[16.2675,-5.0074],[16.2618,-4.9926],[16.0264,-4.9887],[16.0097,-4.984],[16.0003,-4.9631],[15.9617,-4.9517],[15.9524,-4.9658],[15.9272,-4.9659],[15.9178,-4.9591],[15.9194,-4.9003],[15.8709,-4.8601],[15.8428,-4.8888],[15.8664,-4.9475],[15.8327,-5.0291],[15.7308,-5.0325],[15.7119,-4.9935],[15.6495,-4.9669],[15.6558,-4.92],[15.6418,-4.8997],[15.6381,-4.8462],[15.6673,-4.8106],[15.6776,-4.7736],[15.6964,-4.7644],[15.7031,-4.7232],[15.6874,-4.6833],[15.6627,-4.6821],[15.637,-4.6613],[15.6528,-4.6282],[15.649,-4.5855],[15.5956,-4.5887],[15.5396,-4.5598],[15.5138,-4.5625],[15.4512,-4.525],[15.4061,-4.5527],[15.4084,-4.588],[15.3784,-4.6373],[15.3323,-4.6461],[15.3152,-4.6243],[15.2729,-4.6107],[15.2649,-4.5742],[15.2205,-4.5399],[15.1723,-4.532],[15.1711,-4.4705],[15.1282,-4.4441]]]]}},{"type":"Feature","properties":{"name":"Kwango","code":"28894549B46890622863620","iso":"COD"},"geometry":{"type":"Polygon","coordinates":[[[16.096,-5.866],[16.388,-5.8605],[16.4454,-5.8698],[16.4618,-5.8466],[16.4682,-5.8565],[16.492,-5.844],[16.583,-5.8778],[16.577,-5.9413],[16.6035,-5.9497],[16.5874,-5.9625],[16.6034,-5.9862],[16.5879,-6.0315],[16.6178,-6.0267],[16.6241,-6.0371],[16.6012,-6.0475],[16.5995,-6.0602],[16.6444,-6.0651],[16.6498,-6.0769],[16.6361,-6.0969],[16.6631,-6.0913],[16.665,-6.1073],[16.6883,-6.1087],[16.73,-6.1657],[16.7037,-6.2072],[16.7155,-6.2261],[16.704,-6.268],[16.7204,-6.3314],[16.7109,-6.34],[16.6766,-6.334],[16.6946,-6.3554],[16.6786,-6.382],[16.7234,-6.4045],[16.6955,-6.4247],[16.7183,-6.4502],[16.7085,-6.4814],[16.752,-6.5226],[16.7315,-6.5785],[16.7567,-6.6027],[16.7631,-6.7072],[16.8003,-6.7314],[16.8077,-6.8005],[16.8414,-6.8245],[16.841,-6.8814],[16.8793,-6.8792],[16.9107,-6.9095],[16.9032,-6.944],[16.9123,-6.9763],[16.8987,-6.9958],[16.9061,-7.0237],[16.9322,-7.0211],[16.9402,-7.0435],[16.9667,-7.0533],[16.9516,-7.1174],[16.9157,-7.1053],[16.9383,-7.1845],[16.9566,-7.2033],[16.9406,-7.2339],[16.9768,-7.264],[16.9804,-7.2926],[17.0261,-7.2957],[17.0369,-7.3178],[17.1062,-7.3498],[17.1071,-7.4241],[17.1279,-7.4237],[17.1392,-7.404],[17.1795,-7.428],[17.1826,-7.4414],[17.1524,-7.4571],[17.1536,-7.4763],[17.1964,-7.4974],[17.1936,-7.5362],[17.2189,-7.5809],[17.2959,-7.623],[17.302,-7.6769],[17.29,-7.6929],[17.3153,-7.6986],[17.3178,-7.7171],[17.3338,-7.7191],[17.3188,-7.752],[17.3348,-7.7661],[17.3314,-7.7795],[17.3809,-7.7769],[17.3782,-7.8239],[17.3953,-7.8138],[17.4029,-7.822],[17.3925,-7.8403],[17.424,-7.8343],[17.4222,-7.866],[17.4478,-7.8679],[17.452,-7.8878],[17.4383,-7.9086],[17.4508,-7.9428],[17.4664,-7.9399],[17.4718,-7.9568],[17.4815,-7.9493],[17.4819,-8.0023],[17.5006,-8.0031],[17.5324,-8.0457],[17.5306,-8.0553],[17.5195,-8.0442],[17.5047,-8.0793],[17.5662,-8.1287],[17.6229,-8.1299],[17.6782,-8.1008],[17.7224,-8.0973],[17.7966,-8.1134],[17.8249,-8.0919],[17.8701,-8.0808],[17.9737,-8.097],[18.1036,-8.0966],[18.0924,-8.0563],[18.1059,-8.0292],[18.1204,-8.0415],[18.1402,-8.0369],[18.1498,-8.0147],[18.1776,-8.0085],[18.2138,-7.9774],[18.2834,-7.987],[18.3113,-8.0156],[18.3592,-8.0247],[18.4019,-8.0121],[18.4073,-8],[18.5319,-8],[18.5306,-7.9167],[18.7676,-7.9134],[18.7801,-7.9363],[18.7738,-7.9584],[18.7965,-8],[19.3813,-8],[19.3585,-7.9494],[19.3604,-7.909],[19.3417,-7.9014],[19.3664,-7.859],[19.3636,-7.8073],[19.3861,-7.7857],[19.4124,-7.7016],[19.3686,-7.5913],[19.3832,-7.5719],[19.4733,-7.572],[19.4875,-7.561],[19.4945,-7.5273],[19.4862,-7.5045],[19.5446,-7.4577],[19.5158,-7.4209],[19.5223,-7.3936],[19.5051,-7.3864],[19.4945,-7.3637],[19.5048,-7.3417],[19.4854,-7.3157],[19.508,-7.244],[19.4985,-7.1675],[19.5326,-7.089],[19.5622,-7.0555],[19.548,-7],[19.9662,-7],[19.9752,-6.9916],[19.9316,-6.8605],[19.8387,-6.7692],[19.8281,-6.7386],[19.8196,-6.7433],[19.8068,-6.7255],[19.8065,-6.7028],[19.7798,-6.6822],[19.7117,-6.584],[19.6982,-6.53],[19.71,-6.5074],[19.7016,-6.4924],[19.7154,-6.4907],[19.7046,-6.4805],[19.7158,-6.4578],[19.7044,-6.4414],[19.7209,-6.4253],[19.7032,-6.409],[19.6951,-6.3535],[19.681,-6.3454],[19.5914,-6.3655],[19.4999,-6.3335],[19.4819,-6.2931],[19.4653,-6.3049],[19.4239,-6.2802],[19.395,-6.3069],[19.4016,-6.3492],[19.3814,-6.4011],[19.324,-6.3832],[19.3089,-6.3655],[19.3154,-6.3435],[19.3023,-6.3384],[19.2758,-6.2595],[19.3161,-6.1962],[19.3639,-6.1736],[19.3757,-6.1326],[19.326,-6.1209],[19.2885,-6.1392],[19.1971,-6.0973],[19.1848,-6.1293],[19.2033,-6.1592],[19.179,-6.1773],[19.179,-6.2181],[19.1596,-6.2084],[19.1254,-6.2152],[19.1073,-6.1996],[19.0717,-6.2242],[19.0401,-6.2687],[19.0131,-6.2612],[19.0124,-6.2791],[18.9834,-6.2809],[18.9576,-6.3107],[18.933,-6.3168],[18.9341,-6.255],[18.9185,-6.2242],[18.9077,-6.2175],[18.8501,-6.2422],[18.8466,-6.2185],[18.8205,-6.1944],[18.8223,-6.1721],[18.8574,-6.1886],[18.8629,-6.1172],[18.8394,-6.1424],[18.8161,-6.1276],[18.8202,-6.0978],[18.7446,-6.1371],[18.6912,-6.0257],[18.7042,-5.9879],[18.6497,-5.983],[18.5674,-6.011],[18.5501,-5.9866],[18.5273,-5.9885],[18.5467,-5.9762],[18.5425,-5.9155],[18.5628,-5.8874],[18.5694,-5.8466],[18.5374,-5.8584],[18.5256,-5.88],[18.5085,-5.8616],[18.4752,-5.8636],[18.4392,-5.8223],[18.403,-5.8093],[18.3928,-5.7838],[18.3812,-5.8024],[18.3479,-5.8144],[18.3379,-5.836],[18.3011,-5.831],[18.2874,-5.8733],[18.2669,-5.8725],[18.254,-5.8416],[18.2332,-5.8578],[18.2289,-5.813],[18.2063,-5.7826],[18.175,-5.8489],[18.1809,-5.8864],[18.1484,-5.8989],[18.1078,-5.8714],[18.0843,-5.8722],[18.12,-5.8546],[18.117,-5.832],[18.1319,-5.8188],[18.1161,-5.8137],[18.0879,-5.8286],[18.0906,-5.806],[18.1213,-5.7828],[18.079,-5.766],[18.0649,-5.7299],[18.0336,-5.7328],[18.0244,-5.6985],[17.9786,-5.7226],[17.9578,-5.7205],[17.9442,-5.6786],[17.8972,-5.6386],[17.8327,-5.6386],[17.7998,-5.7177],[17.7356,-5.7205],[17.6796,-5.6956],[17.6472,-5.7289],[17.6168,-5.7355],[17.5922,-5.7092],[17.5356,-5.7128],[17.517,-5.6738],[17.5261,-5.6462],[17.5098,-5.6267],[17.5201,-5.6125],[17.5115,-5.5825],[17.527,-5.5549],[17.5096,-5.5273],[17.4799,-5.5155],[17.4626,-5.4812],[17.4794,-5.4473],[17.4599,-5.43],[17.4698,-5.4105],[17.4564,-5.3897],[17.4711,-5.3253],[17.4617,-5.2519],[17.4825,-5.2394],[17.473,-5.2287],[17.4859,-5.2209],[17.4831,-5.2006],[17.4992,-5.1929],[17.5398,-5.1201],[17.5081,-5.08],[17.5237,-5.0343],[17.501,-5.0236],[17.5132,-4.9405],[17.4961,-4.9361],[17.4905,-4.8939],[17.5213,-4.8642],[17.5158,-4.8546],[17.5271,-4.8542],[17.5272,-4.8292],[17.5427,-4.8231],[17.5328,-4.8153],[17.5426,-4.79],[17.5336,-4.7819],[17.5618,-4.7462],[17.5792,-4.6823],[17.6108,-4.6633],[17.6083,-4.652],[17.6344,-4.6292],[17.635,-4.5712],[17.6637,-4.5485],[17.6733,-4.5556],[17.692,-4.533],[17.6739,-4.4816],[17.6427,-4.476],[17.6702,-4.4679],[17.6621,-4.4463],[17.6723,-4.4554],[17.6867,-4.4408],[17.7044,-4.3908],[17.7418,-4.3829],[17.7622,-4.3668],[17.7634,-4.3477],[17.8043,-4.3236],[17.807,-4.3115],[17.7857,-4.2899],[17.6668,-4.3474],[17.6199,-4.3115],[17.5813,-4.3155],[17.2597,-4.4332],[17.2193,-4.4315],[17.1654,-4.5059],[17.0995,-4.5405],[17.0595,-4.5398],[17.0194,-4.5006],[16.98,-4.4126],[16.8981,-4.3469],[16.8602,-4.3387],[16.7899,-4.3861],[16.74,-4.3937],[16.6799,-4.4265],[16.6635,-4.465],[16.6727,-4.507],[16.6596,-4.5965],[16.6195,-4.5757],[16.5798,-4.5308],[16.477,-4.4929],[16.4545,-4.497],[16.4039,-4.4705],[16.3927,-4.4782],[16.3749,-4.5558],[16.3402,-4.5984],[16.3399,-4.6309],[16.3148,-4.6675],[16.3114,-4.7202],[16.2956,-4.746],[16.2606,-4.7453],[16.2523,-4.8234],[16.2413,-4.829],[16.2403,-4.8532],[16.2588,-4.8588],[16.2693,-4.8953],[16.2662,-4.9586],[16.2536,-4.9793],[16.2675,-5.0074],[16.2382,-5.0485],[16.2476,-5.0635],[16.2277,-5.1345],[16.2524,-5.161],[16.2567,-5.1916],[16.2193,-5.328],[16.2268,-5.382],[16.1951,-5.4565],[16.2071,-5.5062],[16.2098,-5.6817],[16.1861,-5.7833],[16.1131,-5.8331],[16.096,-5.866]]]}},{"type":"Feature","properties":{"name":"Sankuru","code":"28894549B87845660721216","iso":"COD"},"geometry":{"type":"Polygon","coordinates":[[[24.4124,-1.7179],[24.2082,-1.6939],[24.2121,-1.7409],[24.0416,-1.7476],[24.0048,-1.7628],[23.9882,-1.8706],[23.8823,-1.8257],[23.8391,-1.831],[23.8577,-1.8989],[23.8493,-1.9439],[23.7717,-1.9568],[23.7104,-2.0132],[23.6699,-2.0251],[23.6178,-2.0174],[23.5694,-1.9831],[23.5328,-1.9876],[23.4884,-2.0434],[23.4081,-2.0948],[23.3452,-2.0766],[23.2651,-2.012],[23.1937,-2.009],[23.1672,-1.9965],[23.1217,-1.9533],[23.0739,-1.9319],[23.0058,-1.9319],[22.9367,-1.9622],[22.9094,-1.9142],[22.8703,-1.8842],[22.8203,-1.8586],[22.7633,-1.8539],[22.6797,-1.8067],[22.6428,-1.8169],[22.6256,-1.8011],[22.59,-1.8744],[22.5097,-1.9589],[22.3214,-1.9403],[22.185,-1.9033],[22.1664,-1.9422],[22.2069,-2.0383],[22.2331,-2.1978],[22.2911,-2.3825],[22.2872,-2.4456],[22.2514,-2.4669],[22.1986,-2.4478],[22.1831,-2.4114],[22.1906,-2.3133],[22.1761,-2.2908],[22.1397,-2.2764],[22.0486,-2.3708],[21.9519,-2.4156],[21.8516,-2.536],[21.7007,-2.6687],[21.8685,-2.6784],[21.9895,-2.7334],[22.0671,-2.7518],[22.1597,-2.8919],[22.1892,-2.9658],[22.1933,-3.0164],[22.1425,-3.1711],[22.1069,-3.26],[22.0611,-3.3283],[22.0378,-3.4275],[21.9739,-3.5],[21.9686,-3.5542],[21.9781,-3.6158],[22.0047,-3.6514],[22.1125,-3.6833],[22.1336,-3.7011],[22.2028,-3.8789],[22.1933,-3.9069],[22.0994,-3.9064],[22.0494,-3.9194],[22.0173,-3.9632],[22.0825,-3.9829],[22.1047,-4.0201],[22.1558,-4.0428],[22.2699,-3.9943],[22.2703,-4.0242],[22.2892,-4.0511],[22.3802,-4.1144],[22.4174,-4.1756],[22.4637,-4.1743],[22.5532,-4.2165],[22.6292,-4.2318],[22.6728,-4.2655],[22.8511,-4.4872],[23.1253,-4.5242],[23.1375,-4.5364],[23.1575,-4.5856],[23.1794,-4.7372],[23.1389,-4.7756],[22.9875,-4.8172],[22.9558,-4.8731],[22.9594,-4.9797],[23.0436,-5.0492],[23.1413,-5.1602],[23.1921,-5.2574],[23.2293,-5.3019],[23.3333,-5.2608],[23.3876,-5.2726],[23.4329,-5.251],[23.4312,-5.2766],[23.468,-5.2935],[23.4993,-5.2882],[23.5142,-5.3055],[23.714,-5.3647],[23.7032,-5.4485],[23.7264,-5.4819],[23.7169,-5.5556],[23.7323,-5.6094],[23.764,-5.6311],[23.7236,-5.6757],[23.7332,-5.7217],[23.7093,-5.771],[23.7305,-5.7663],[23.7666,-5.7828],[23.797,-5.7558],[23.836,-5.747],[23.8506,-5.7587],[23.8293,-5.8045],[23.8822,-5.814],[23.9019,-5.8334],[23.9055,-5.8574],[23.9341,-5.8499],[23.9535,-5.8235],[24.0182,-5.8439],[24.1438,-5.8248],[24.1764,-5.7803],[24.1453,-5.7343],[24.063,-5.6804],[24.0524,-5.61],[24.0633,-5.5313],[24.0477,-5.5259],[24.0433,-5.4838],[24.2709,-5.4984],[24.3514,-5.4901],[24.4366,-5.4623],[24.556,-5.4001],[24.5859,-5.234],[24.5877,-5.1499],[24.6037,-5.1132],[24.6863,-5.0035],[24.7708,-4.9801],[24.8174,-4.8992],[24.969,-4.8137],[24.9103,-4.768],[24.8913,-4.7212],[24.8663,-4.6966],[24.8733,-4.6878],[24.86,-4.6611],[24.8819,-4.5883],[24.8987,-4.5874],[24.9049,-4.567],[24.9183,-4.5709],[24.9285,-4.5263],[25.0005,-4.4641],[25.0053,-4.4405],[24.9735,-4.3852],[24.9924,-4.3674],[24.9935,-4.3145],[25.0177,-4.2762],[24.997,-4.2146],[25.0161,-4.1708],[24.9861,-4.1509],[25.0048,-4.1192],[24.9769,-4.1062],[24.9873,-4.0461],[24.955,-4.0249],[24.9284,-4.0432],[24.9252,-4.0242],[24.9023,-4.0071],[24.9111,-3.9736],[24.8781,-3.9457],[24.8598,-3.9484],[24.8584,-3.9049],[24.847,-3.9209],[24.8319,-3.9201],[24.8065,-3.8753],[24.8164,-3.8547],[24.7708,-3.8432],[24.772,-3.8135],[24.748,-3.8163],[24.7312,-3.7833],[24.7478,-3.7863],[24.7671,-3.7529],[24.7503,-3.7469],[24.7681,-3.7422],[24.7744,-3.7122],[24.7945,-3.7142],[24.7868,-3.6853],[24.8011,-3.675],[24.7784,-3.6462],[24.7839,-3.6353],[24.7688,-3.6361],[24.7807,-3.6236],[24.7758,-3.6066],[24.7595,-3.6057],[24.7739,-3.5951],[24.7672,-3.5571],[24.7847,-3.5646],[24.7999,-3.5424],[24.7657,-3.4831],[24.7875,-3.4616],[24.8181,-3.4619],[24.8167,-3.4295],[24.8388,-3.4201],[24.8483,-3.3741],[24.8872,-3.3664],[24.9027,-3.2968],[24.8831,-3.2862],[24.9051,-3.2657],[24.9459,-3.2736],[24.9521,-3.2006],[24.9835,-3.1965],[24.9876,-3.1596],[25.0124,-3.1492],[24.9937,-3.13],[25.0071,-3.0971],[24.9863,-3.0863],[24.9985,-3.0733],[25.0194,-3.0874],[25.0241,-3.0711],[25.018,-3.0473],[24.9925,-3.0341],[25.0364,-2.9722],[25.022,-2.9362],[25.0697,-2.8515],[25.1039,-2.8165],[25.1167,-2.7747],[25.0752,-2.7037],[25.0788,-2.6745],[25.0932,-2.6624],[25.0913,-2.6344],[25.0004,-2.5485],[25.0489,-2.5022],[25.0422,-2.4897],[24.9994,-2.478],[25.0218,-2.4706],[25.0359,-2.4395],[25.0644,-2.423],[25.0508,-2.4006],[25.0476,-2.4146],[24.9911,-2.4284],[24.959,-2.3977],[24.9317,-2.3974],[24.9277,-2.3797],[24.6656,-2.38],[24.6108,-2.2661],[24.5284,-2.1442],[24.4919,-1.9972],[24.4708,-1.7546],[24.4124,-1.7179]]]}},{"type":"Feature","properties":{"name":"Sud-Ubangi","code":"28894549B79448475719999","iso":"COD"},"geometry":{"type":"Polygon","coordinates":[[[20.7246,3.1819],[20.5317,2.9793],[20.4161,2.9118],[20.3589,2.8899],[20.2941,2.8843],[20.206,2.9143],[20.1866,2.944],[20.1919,2.9891],[20.2861,3.222],[20.2731,3.4652],[20.1944,3.4999],[20.175,3.5326],[20.1672,3.586],[20.1798,3.6762],[20.2212,3.7319],[20.2083,3.7646],[20.1059,3.8247],[19.9953,3.9117],[19.9621,3.9443],[19.9397,4.0268],[19.9147,4.0578],[19.8531,4.0826],[19.7851,4.0865],[19.7677,4.0682],[19.7487,4.0798],[19.7337,4.0621],[19.6985,4.0524],[19.6814,4.0802],[19.6696,4.0636],[19.6533,4.0676],[19.6519,4.0814],[19.593,4.0557],[19.5489,4.0669],[19.5437,4.0439],[19.503,4.0618],[19.494,4.0292],[19.4626,4.0143],[19.4644,3.9776],[19.449,3.9755],[19.4518,3.9537],[19.4639,3.9501],[19.4482,3.9359],[19.4374,3.9545],[19.4306,3.9439],[19.41,3.9465],[19.4273,3.9391],[19.4162,3.9195],[19.4252,3.9075],[19.4106,3.9007],[19.3398,3.9961],[19.2891,4.009],[19.3475,4.0746],[19.3688,4.1517],[19.4554,4.3529],[19.5127,4.4497],[19.5267,4.5189],[19.5045,4.5953],[19.4642,4.6218],[19.4679,4.6685],[19.4171,4.6759],[19.3735,4.6233],[19.3264,4.6427],[19.2978,4.6834],[19.2798,4.6749],[19.254,4.6892],[19.2243,4.6786],[19.2057,4.6983],[19.1852,4.689],[19.1591,4.6989],[19.1493,4.7329],[19.1203,4.7305],[19.1075,4.7675],[19.0672,4.7613],[19.0665,4.7748],[19.0317,4.758],[19.013,4.7644],[18.9385,4.701],[18.9215,4.6526],[18.8899,4.6463],[18.8803,4.6127],[18.8291,4.5788],[18.8058,4.468],[18.7799,4.4195],[18.7109,4.3665],[18.6237,4.3559],[18.6012,4.3709],[18.5449,4.3211],[18.63,4.1131],[18.6589,3.9858],[18.6473,3.9502],[18.6134,3.9319],[18.5977,3.8949],[18.5937,3.8182],[18.5785,3.7769],[18.6042,3.6212],[18.6066,3.5253],[18.6331,3.4508],[18.6414,3.2044],[18.6117,3.1319],[18.5392,3.0756],[18.5006,2.9672],[18.4322,2.8378],[18.4022,2.73],[18.342,2.6128],[18.3139,2.5742],[18.2331,2.5192],[18.2228,2.4136],[18.1683,2.3317],[18.1106,2.2806],[18.0919,2.2242],[18.0944,2.1389],[18.0719,2.0425],[18.0864,1.9564],[18.0758,1.9088],[18.4491,1.9404],[18.5632,1.8843],[18.7156,1.9621],[18.8929,1.973],[18.9602,1.9957],[19.1365,2.1263],[19.4893,2.0013],[19.9034,2.0013],[19.9326,2.0215],[19.9209,2.0423],[19.9429,2.0573],[19.9328,2.0891],[19.9613,2.1304],[19.9499,2.1481],[19.9919,2.1856],[20.0137,2.1824],[20.0382,2.2523],[20.0645,2.2517],[20.0917,2.274],[20.0893,2.2936],[20.1038,2.2989],[20.0915,2.3413],[20.1537,2.3486],[20.2293,2.4082],[20.2473,2.3934],[20.2569,2.4178],[20.2748,2.4224],[20.2883,2.4025],[20.2995,2.417],[20.3369,2.4165],[20.3585,2.4346],[20.3809,2.4214],[20.3963,2.4337],[20.4268,2.4217],[20.4365,2.4351],[20.4859,2.4351],[20.5027,2.42],[20.5055,2.3943],[20.5288,2.421],[20.5453,2.4057],[20.5639,2.4239],[20.5684,2.401],[20.653,2.4421],[20.6675,2.4126],[20.7274,2.4464],[20.7356,2.4169],[20.7485,2.4137],[20.7628,2.4302],[20.7821,2.4251],[20.7876,2.4489],[20.8075,2.4438],[20.8185,2.4803],[20.8703,2.512],[20.9061,2.5729],[20.8991,2.6051],[20.8201,2.688],[20.8081,2.7264],[20.7879,2.7396],[20.781,2.8216],[20.7515,2.833],[20.7486,2.8781],[20.7288,2.8793],[20.737,2.9063],[20.7193,2.9193],[20.7322,2.9407],[20.7063,2.9508],[20.7155,2.9634],[20.7099,2.9971],[20.7257,3.0042],[20.6922,3.0731],[20.7123,3.0716],[20.7028,3.0877],[20.722,3.117],[20.7105,3.1275],[20.7246,3.1819]]]}},{"type":"Feature","properties":{"name":"Tanganyika","code":"28894549B79924508589254","iso":"COD"},"geometry":{"type":"MultiPolygon","coordinates":[[[[29.6297,-8.3956],[30.5667,-8.2954],[30.561,-8.2852],[30.5843,-8.2345],[30.5695,-8.2211],[30.5938,-8.1537],[30.5622,-8.113],[30.5308,-8.107],[30.5428,-8.0967],[30.526,-8.0622],[30.4635,-8.023],[30.4685,-8.0125],[30.4405,-7.9952],[30.443,-7.984],[30.4142,-7.9722],[30.4243,-7.9592],[30.3785,-7.9417],[30.356,-7.8987],[30.318,-7.8885],[30.2975,-7.9015],[30.3072,-7.869],[30.275,-7.8332],[30.2705,-7.7542],[30.2392,-7.7247],[30.196,-7.6305],[30.2183,-7.5565],[30.2165,-7.473],[30.1947,-7.4312],[30.186,-7.3682],[30.1457,-7.33],[30.1502,-7.298],[30.122,-7.2407],[30.0955,-7.2057],[30.0072,-7.1465],[29.9887,-7.1157],[29.9406,-7.0923],[29.8241,-7.0709],[29.7727,-7.0398],[29.7436,-7.0045],[29.735,-6.9677],[29.67,-6.9122],[29.6518,-6.8492],[29.5569,-6.7755],[29.5355,-6.7316],[29.505,-6.7135],[29.4805,-6.6212],[29.4975,-6.565],[29.4833,-6.5405],[29.489,-6.511],[29.4646,-6.5229],[29.4327,-6.5072],[29.406,-6.454],[29.404,-6.4067],[29.3708,-6.3512],[29.3725,-6.321],[29.3577,-6.3155],[29.3418,-6.2782],[29.331,-6.2007],[29.289,-6.1675],[29.2907,-6.144],[29.2755,-6.1192],[29.2445,-6.1162],[29.1985,-6.0755],[29.1933,-5.9656],[29.2038,-5.9454],[29.1934,-5.9145],[29.3338,-5.8181],[29.3416,-5.7758],[29.3711,-5.7442],[29.3479,-5.6875],[29.3446,-5.6305],[29.3595,-5.6238],[29.3784,-5.6431],[29.3883,-5.6247],[29.1597,-5.2487],[29.1397,-5.1432],[29.107,-5.088],[29.1221,-5.0082],[26.2783,-5],[26.2523,-5.0446],[26.2051,-5.0885],[26.207,-5.2191],[26.1485,-5.2705],[26.1295,-5.3252],[26.0797,-5.39],[26.1453,-5.505],[26.0815,-5.5956],[26.085,-5.6819],[26.0972,-5.7137],[26.1593,-5.7624],[26.1735,-5.7958],[26.1619,-5.9011],[26.1736,-6.0278],[26.1353,-6.0881],[26.1367,-6.115],[26.1806,-6.2022],[26.1686,-6.2381],[26.1439,-6.2617],[26.1636,-6.3614],[26.1556,-6.4031],[26.1053,-6.4704],[25.9808,-6.4974],[25.9415,-6.5294],[25.9531,-6.611],[25.9827,-6.6631],[26.0242,-6.6962],[26.1076,-6.7184],[26.1484,-6.7421],[26.1353,-6.8204],[26.1619,-6.8618],[26.1623,-6.9049],[26.1856,-6.9459],[26.2738,-7.0019],[26.3164,-6.967],[26.3535,-6.9878],[26.3572,-7.0198],[26.4402,-7.0452],[26.4643,-7.0715],[26.461,-7.1128],[26.4228,-7.1545],[26.3915,-7.1657],[26.4015,-7.1924],[26.3815,-7.2214],[26.384,-7.2626],[26.3725,-7.2794],[26.4367,-7.3213],[26.4611,-7.3633],[26.5183,-7.3629],[26.5409,-7.405],[26.6108,-7.4466],[26.692,-7.4731],[26.7747,-7.4738],[26.8993,-7.556],[26.9831,-7.5811],[27.1914,-7.5996],[27.2311,-7.5705],[27.2759,-7.5058],[27.3166,-7.4896],[27.5257,-7.4959],[27.651,-7.5299],[27.6838,-7.573],[27.6896,-7.7394],[27.7461,-7.7807],[27.7749,-7.7857],[27.8168,-7.767],[27.8583,-7.776],[27.858,-7.9047],[27.8249,-7.9899],[27.8074,-8.1157],[27.794,-8.1335],[27.901,-8.1501],[28.0256,-8.2187],[28.0336,-8.2823],[28.0672,-8.2984],[28.1087,-8.2901],[28.1837,-8.239],[28.3883,-8.1559],[28.4429,-8.1195],[28.4724,-8.0724],[28.4997,-7.9462],[28.5441,-7.8632],[28.5394,-7.8215],[28.4421,-7.7669],[28.4104,-7.7364],[28.4071,-7.6965],[28.4424,-7.6242],[28.4839,-7.5976],[28.5265,-7.5803],[28.5673,-7.5824],[28.6096,-7.6108],[28.6511,-7.7682],[28.6807,-7.8235],[28.7244,-7.8645],[28.7768,-7.8885],[28.8187,-7.8896],[28.8595,-7.8669],[28.8803,-7.8212],[28.9429,-7.7813],[29.1101,-7.8286],[29.1465,-7.8218],[29.1705,-7.7383],[29.3602,-7.7073],[29.4036,-7.7112],[29.4433,-7.7374],[29.4855,-7.8449],[29.5697,-7.8441],[29.5923,-7.8638],[29.6524,-7.9763],[29.6368,-8.0316],[29.5669,-8.1147],[29.5374,-8.1981],[29.5356,-8.2409],[29.5596,-8.3236],[29.6297,-8.3956]]],[[[29.3978,-5.635],[29.4086,-5.6829],[29.42,-5.652],[29.3978,-5.635]]]]}},{"type":"Feature","properties":{"name":"Kasai","code":"28894549B67590087528803","iso":"COD"},"geometry":{"type":"Polygon","coordinates":[[[21.0053,-2.5326],[20.9727,-2.5557],[20.922,-2.5688],[20.8622,-2.5682],[20.8413,-2.6229],[20.7445,-2.7663],[20.6472,-3.3928],[20.6419,-3.5344],[20.6631,-3.7136],[20.6751,-4.133],[20.6345,-4.1582],[20.5995,-4.2204],[20.5082,-4.2627],[20.4686,-4.269],[20.4531,-4.2545],[20.4337,-4.2937],[20.3981,-4.2821],[20.3649,-4.3003],[20.3484,-4.3266],[20.3502,-4.3624],[20.3212,-4.3817],[20.2808,-4.3711],[20.2409,-4.3788],[20.2053,-4.329],[20.1683,-4.3379],[20.1378,-4.2838],[20.0281,-4.2921],[20.0297,-4.3127],[20.0431,-4.3204],[20.0395,-4.3606],[20.0924,-4.4381],[20.0914,-4.4763],[20.1239,-4.5023],[20.0608,-4.5947],[20.0548,-4.626],[20.0676,-4.6371],[20.0589,-4.6592],[20.0684,-4.6728],[20.0519,-4.7001],[20.0606,-4.7245],[20.0465,-4.745],[20.0613,-4.753],[20.0535,-4.7875],[20.0848,-4.825],[20.1116,-4.9622],[20.144,-5.0046],[20.1413,-5.0391],[20.1842,-5.0934],[20.189,-5.1721],[20.2051,-5.1873],[20.1938,-5.1939],[20.1993,-5.2257],[20.1885,-5.2415],[20.1957,-5.2837],[20.1699,-5.297],[20.1718,-5.322],[20.1373,-5.3503],[20.1269,-5.4182],[20.1399,-5.5139],[20.1301,-5.5464],[20.142,-5.5443],[20.1402,-5.5802],[20.1807,-5.6318],[20.17,-5.668],[20.1781,-5.6969],[20.1637,-5.6996],[20.1654,-5.7493],[20.1499,-5.7768],[20.1177,-5.7982],[20.1108,-5.8399],[20.0492,-5.8678],[20.015,-5.9558],[19.952,-6.0072],[19.9149,-6.0128],[19.8929,-6.0326],[19.8766,-6.0191],[19.8711,-6.0437],[19.8254,-6.0591],[19.8057,-6.0903],[19.7632,-6.1212],[19.7364,-6.1205],[19.7323,-6.1388],[19.6912,-6.1647],[19.6738,-6.2423],[19.6889,-6.2564],[19.6844,-6.2831],[19.6987,-6.3021],[19.683,-6.3089],[19.6935,-6.331],[19.6848,-6.3458],[19.7032,-6.409],[19.7209,-6.4253],[19.7044,-6.4414],[19.7158,-6.4578],[19.7046,-6.4805],[19.7154,-6.4907],[19.7016,-6.4924],[19.71,-6.5074],[19.6995,-6.5122],[19.6994,-6.5387],[19.7243,-6.6075],[19.8065,-6.7028],[19.8196,-6.7433],[19.8281,-6.7386],[19.8387,-6.7692],[19.9316,-6.8605],[19.973,-6.978],[19.9662,-7],[20.3029,-7],[20.322,-6.9167],[20.6272,-6.9167],[20.6112,-7.0129],[20.6008,-7.0124],[20.5919,-7.0348],[20.5948,-7.0624],[20.5461,-7.1459],[20.5621,-7.1666],[20.5585,-7.2183],[20.5475,-7.227],[20.553,-7.2833],[21.7892,-7.2833],[21.7947,-7.257],[21.7629,-7.2424],[21.721,-7.1947],[21.7104,-7.1387],[21.6925,-7.1389],[21.6684,-7.1162],[21.6612,-7.072],[21.595,-7.0358],[21.5042,-6.9107],[21.4512,-6.8848],[21.4208,-6.8367],[21.4065,-6.8329],[21.4257,-6.8119],[21.4627,-6.8126],[21.49,-6.783],[21.5368,-6.764],[21.5686,-6.7567],[21.5926,-6.7751],[21.6015,-6.756],[21.5834,-6.7238],[21.6117,-6.7401],[21.6276,-6.6941],[21.6619,-6.6813],[21.6926,-6.6422],[21.6291,-6.5964],[21.6106,-6.5444],[21.5711,-6.5694],[21.5602,-6.5604],[21.576,-6.518],[21.5406,-6.4949],[21.5373,-6.4751],[21.5571,-6.4542],[21.6051,-6.4504],[21.6228,-6.3578],[21.5937,-6.2471],[21.5881,-6.0745],[21.5761,-6.0347],[21.6042,-5.951],[21.6334,-5.941],[21.667,-5.9004],[21.6806,-5.8449],[21.749,-5.7644],[21.7547,-5.7991],[21.7956,-5.8456],[21.8326,-5.868],[21.8824,-5.8661],[21.8784,-5.8222],[21.9454,-5.7508],[21.9782,-5.6433],[21.9793,-5.6098],[21.9428,-5.5715],[21.9276,-5.5245],[21.8776,-5.4767],[21.8493,-5.4213],[21.8228,-5.4362],[21.8266,-5.455],[21.7754,-5.4755],[21.7588,-5.4466],[21.7189,-5.4384],[21.6896,-5.3993],[21.6631,-5.3967],[21.6678,-5.3316],[21.6244,-5.3207],[21.6455,-5.2994],[21.6401,-5.2386],[21.6926,-5.1296],[21.6889,-5.0649],[21.8099,-5.0811],[21.8517,-5.0232],[21.9348,-5.0882],[21.9767,-5.0925],[22.0426,-5.1493],[22.0601,-5.1467],[22.0892,-5.1079],[22.1213,-5.0245],[22.115,-4.9411],[22.1572,-4.858],[22.2028,-4.8159],[22.3105,-4.6602],[22.4184,-4.6135],[22.4631,-4.4965],[22.4958,-4.4883],[22.5367,-4.4554],[22.529,-4.3703],[22.5386,-4.3053],[22.5257,-4.2011],[22.4637,-4.1743],[22.4174,-4.1756],[22.3802,-4.1144],[22.2892,-4.0511],[22.2703,-4.0242],[22.2699,-3.9943],[22.1558,-4.0428],[22.1047,-4.0201],[22.0825,-3.9829],[22.0173,-3.9632],[22.0494,-3.9194],[22.0994,-3.9064],[22.1933,-3.9069],[22.2028,-3.8789],[22.1336,-3.7011],[22.1125,-3.6833],[22.0164,-3.6595],[21.9856,-3.63],[21.9711,-3.5897],[21.9739,-3.5],[22.0378,-3.4275],[22.0611,-3.3283],[22.1069,-3.26],[22.1933,-3.0164],[22.1728,-2.9192],[22.0671,-2.7518],[21.9895,-2.7334],[21.8685,-2.6784],[21.6774,-2.6666],[21.5911,-2.6127],[21.5709,-2.5824],[21.5235,-2.5492],[21.4766,-2.543],[21.4241,-2.5129],[21.3556,-2.5174],[21.3377,-2.5009],[21.313,-2.5013],[21.3105,-2.4868],[21.2713,-2.4646],[21.2446,-2.5113],[21.214,-2.5354],[21.0053,-2.5326]]]}},{"type":"Feature","properties":{"name":"Kasai-Oriental","code":"28894549B87743923989415","iso":"COD"},"geometry":{"type":"Polygon","coordinates":[[[23.7418,-5.659],[23.6784,-5.6367],[23.6551,-5.6591],[23.6218,-5.659],[23.5796,-5.6976],[23.5125,-5.6856],[23.4698,-5.7548],[23.4388,-5.7643],[23.4169,-5.7568],[23.4148,-5.7912],[23.3825,-5.7729],[23.3939,-5.7692],[23.3999,-5.7368],[23.4151,-5.7336],[23.4075,-5.7263],[23.4179,-5.7113],[23.3241,-5.7327],[23.2704,-5.7802],[23.0727,-5.7378],[23.0627,-5.7485],[23.0781,-5.7552],[23.074,-5.7724],[22.9637,-5.7821],[22.9619,-5.8188],[22.944,-5.8419],[22.9839,-5.8718],[22.9926,-5.8926],[22.9525,-5.9575],[22.9799,-6.028],[22.9325,-6.0576],[22.9617,-6.0947],[22.9935,-6.092],[23.0139,-6.1057],[23.0048,-6.1352],[23.0124,-6.1726],[23.0889,-6.1929],[23.0693,-6.2151],[23.0631,-6.257],[23.0326,-6.2796],[23.0589,-6.3496],[23.1518,-6.3698],[23.1538,-6.3868],[23.139,-6.3928],[23.1556,-6.4209],[23.1386,-6.4242],[23.1361,-6.4389],[23.148,-6.4471],[23.1396,-6.4634],[23.1582,-6.4672],[23.1526,-6.4997],[23.1706,-6.5101],[23.1766,-6.5947],[23.249,-6.5849],[23.3162,-6.54],[23.3448,-6.5471],[23.3643,-6.529],[23.3938,-6.548],[23.4277,-6.532],[23.4472,-6.5388],[23.444,-6.5531],[23.4532,-6.554],[23.4415,-6.5766],[23.4188,-6.5897],[23.4424,-6.658],[23.477,-6.6711],[23.5914,-6.7767],[23.6271,-6.7818],[23.6339,-6.752],[23.6978,-6.7356],[23.7123,-6.7619],[23.7374,-6.7601],[23.7474,-6.7338],[23.7314,-6.7221],[23.7581,-6.6818],[23.7912,-6.6751],[23.7452,-6.6407],[23.7509,-6.5876],[23.774,-6.5868],[23.7744,-6.5496],[23.7911,-6.5287],[23.77,-6.5144],[23.8103,-6.4462],[23.7945,-6.4212],[23.7997,-6.3989],[23.8201,-6.4056],[23.8106,-6.3962],[23.8451,-6.3652],[23.8571,-6.398],[23.9098,-6.3913],[23.9114,-6.4116],[23.9382,-6.4063],[23.9476,-6.4168],[24.071,-6.3823],[24.1,-6.3437],[24.0001,-6.2895],[24.0076,-6.2179],[24.0588,-6.2084],[24.081,-6.1893],[24.1075,-6.192],[24.1395,-6.1299],[24.1756,-6.1065],[24.1587,-6.0657],[24.1244,-6.0677],[24.1064,-6.047],[24.0736,-6.0574],[24.0602,-6.0349],[23.9971,-6.0267],[24.0149,-5.9527],[23.9756,-5.9382],[23.9535,-5.8235],[23.9341,-5.8499],[23.9055,-5.8574],[23.9019,-5.8334],[23.8822,-5.814],[23.8293,-5.8045],[23.8506,-5.7587],[23.8294,-5.7454],[23.7666,-5.7828],[23.7305,-5.7663],[23.7093,-5.771],[23.7332,-5.7217],[23.7236,-5.6757],[23.7418,-5.659]]]}},{"type":"Feature","properties":{"name":"Maniema","code":"28894549B38684068732321","iso":"COD"},"geometry":{"type":"Polygon","coordinates":[[[24.4708,-1.7546],[24.4919,-1.9972],[24.5284,-2.1442],[24.6108,-2.2661],[24.6656,-2.38],[24.9277,-2.3797],[24.9317,-2.3974],[24.959,-2.3977],[24.9911,-2.4284],[25.0476,-2.4146],[25.0508,-2.4006],[25.0644,-2.423],[25.0359,-2.4395],[25.0218,-2.4706],[24.9994,-2.478],[25.0422,-2.4897],[25.0489,-2.5022],[25.0004,-2.5485],[25.0913,-2.6344],[25.0932,-2.6624],[25.0788,-2.6745],[25.0752,-2.7037],[25.1167,-2.7747],[25.1039,-2.8165],[25.0697,-2.8515],[25.022,-2.9362],[25.0364,-2.9722],[24.9925,-3.0341],[25.018,-3.0473],[25.0241,-3.0711],[25.0194,-3.0874],[24.9985,-3.0733],[24.9863,-3.0863],[25.0071,-3.0971],[24.9937,-3.13],[25.0124,-3.1492],[24.9876,-3.1596],[24.9835,-3.1965],[24.9521,-3.2006],[24.9459,-3.2736],[24.9051,-3.2657],[24.8831,-3.2862],[24.9027,-3.2968],[24.8872,-3.3664],[24.8483,-3.3741],[24.8388,-3.4201],[24.8167,-3.4295],[24.8181,-3.4619],[24.7875,-3.4616],[24.7657,-3.4831],[24.7999,-3.5424],[24.7847,-3.5646],[24.7672,-3.5571],[24.7739,-3.5951],[24.7595,-3.6057],[24.7758,-3.6066],[24.7807,-3.6236],[24.7688,-3.6361],[24.7839,-3.6353],[24.7784,-3.6462],[24.8011,-3.675],[24.7868,-3.6853],[24.7945,-3.7142],[24.7744,-3.7122],[24.7681,-3.7422],[24.7503,-3.7469],[24.7671,-3.7529],[24.7478,-3.7863],[24.7312,-3.7833],[24.748,-3.8163],[24.772,-3.8135],[24.7708,-3.8432],[24.8164,-3.8547],[24.8065,-3.8753],[24.8319,-3.9201],[24.847,-3.9209],[24.8584,-3.9049],[24.8598,-3.9484],[24.8781,-3.9457],[24.9111,-3.9736],[24.9023,-4.0071],[24.9252,-4.0242],[24.9284,-4.0432],[24.955,-4.0249],[24.9873,-4.0461],[24.9769,-4.1062],[25.0054,-4.1226],[24.9861,-4.1509],[25.0165,-4.1746],[25.0026,-4.1824],[24.997,-4.2146],[25.0177,-4.2762],[24.9935,-4.3145],[24.9924,-4.3674],[24.9735,-4.3852],[25.0053,-4.4405],[25.0005,-4.4641],[24.9285,-4.5263],[24.9183,-4.5709],[24.9049,-4.567],[24.8987,-4.5874],[24.8819,-4.5883],[24.86,-4.6611],[24.8733,-4.6878],[24.8663,-4.6966],[24.8913,-4.7212],[24.8973,-4.7494],[24.9341,-4.7941],[24.9763,-4.8205],[24.9852,-4.8527],[25.0104,-4.879],[25.0106,-4.9129],[25.0594,-4.9855],[25.0514,-4.9999],[28.7998,-5],[28.7764,-4.9848],[28.7763,-4.966],[28.7541,-4.9608],[28.7482,-4.9452],[28.7682,-4.9142],[28.75,-4.9009],[28.7373,-4.853],[28.7132,-4.8342],[28.7161,-4.82],[28.6899,-4.7995],[28.6832,-4.7396],[28.6593,-4.7057],[28.6073,-4.6766],[28.5674,-4.5406],[28.5528,-4.5234],[28.5531,-4.4601],[28.4939,-4.4546],[28.4918,-4.4085],[28.4808,-4.3967],[28.4025,-4.3642],[28.3971,-4.3061],[28.3789,-4.2744],[28.3584,-4.282],[28.2427,-4.1996],[28.2154,-4.1529],[28.1805,-4.1601],[28.1617,-4.2154],[28.1364,-4.224],[28.1265,-4.2158],[28.1177,-4.2271],[28.0609,-4.1835],[28.0176,-4.1908],[28.0163,-4.1461],[28.0304,-4.132],[27.9944,-4.1459],[27.9431,-4.1206],[27.9137,-4.1286],[27.8609,-4.1116],[27.8223,-4.0704],[27.8378,-4.0224],[27.7986,-4.004],[27.6364,-4.0219],[27.5806,-3.9949],[27.4772,-3.9769],[27.4594,-3.9799],[27.4516,-3.9966],[27.3866,-3.9353],[27.3466,-3.9352],[27.3164,-3.9156],[27.2774,-3.9179],[27.262,-3.8984],[27.1887,-3.8893],[27.1653,-3.8369],[27.1305,-3.8106],[27.0856,-3.7284],[27.0988,-3.6999],[27.0995,-3.6232],[27.1271,-3.5736],[27.1215,-3.5578],[27.1349,-3.5585],[27.1354,-3.539],[27.1168,-3.5402],[27.1325,-3.5302],[27.1185,-3.4576],[27.1317,-3.4265],[27.1166,-3.4315],[27.1135,-3.3859],[27.0992,-3.3928],[27.0915,-3.3807],[27.1045,-3.364],[27.0944,-3.3434],[27.0998,-3.3155],[27.1407,-3.2663],[27.1103,-3.2442],[27.1273,-3.2069],[27.1185,-3.1776],[27.1309,-3.1557],[27.1112,-3.1343],[27.1227,-3.1134],[27.12,-3.0785],[27.0578,-3.0408],[27.0572,-2.9867],[27.0308,-2.9691],[27.0245,-2.9492],[27.0014,-2.959],[26.9798,-2.9288],[26.9571,-2.8368],[26.9162,-2.8075],[26.9458,-2.7397],[26.9429,-2.7124],[26.9057,-2.6956],[26.905,-2.6647],[26.8563,-2.6062],[26.8706,-2.5425],[26.856,-2.4942],[26.8202,-2.4465],[26.8241,-2.3783],[26.8106,-2.3398],[26.8446,-2.3388],[26.8614,-2.3228],[26.8512,-2.2887],[26.8683,-2.1586],[26.914,-2.1595],[26.9383,-2.1835],[26.9376,-2.1526],[26.9633,-2.1307],[26.9836,-2.1549],[26.9784,-2.1252],[26.9984,-2.151],[27.0097,-2.138],[27.023,-2.1648],[27.0567,-2.1799],[27.066,-2.2113],[27.0768,-2.2017],[27.1159,-2.2109],[27.111,-2.2244],[27.1233,-2.2367],[27.1453,-2.2118],[27.1518,-2.236],[27.1749,-2.2185],[27.1769,-2.2424],[27.1962,-2.2191],[27.187,-2.2326],[27.2021,-2.2243],[27.2059,-2.2432],[27.2266,-2.2388],[27.228,-2.2645],[27.2396,-2.2719],[27.2576,-2.23],[27.288,-2.2421],[27.353,-2.1653],[27.3847,-2.1671],[27.4526,-2.1305],[27.4461,-2.1072],[27.4724,-2.0339],[27.4033,-2.0213],[27.3757,-2],[27.7558,-2],[27.73,-1.8967],[27.7291,-1.8088],[27.6737,-1.7798],[27.6079,-1.6963],[27.5423,-1.6488],[27.4593,-1.52],[27.3633,-1.4282],[27.2582,-1.3001],[27.2062,-1.2097],[27.2541,-1.1719],[27.2767,-1.185],[27.3098,-1.1776],[27.3264,-1.1948],[27.3436,-1.1795],[27.3184,-1.1403],[27.3296,-1.1091],[27.2928,-1.1072],[27.2686,-1.0743],[27.2833,-1.0545],[27.2715,-0.9903],[27.2958,-0.9913],[27.2987,-0.9658],[27.3436,-0.946],[27.3683,-0.9641],[27.3973,-0.9436],[27.4099,-0.9502],[27.511,-0.8838],[27.5472,-0.9128],[27.5469,-0.931],[27.651,-0.9546],[27.7048,-0.9214],[27.7491,-0.8548],[27.8123,-0.6551],[27.7842,-0.6319],[27.75,-0.5606],[27.7158,-0.5672],[27.5828,-0.5172],[27.5142,-0.5214],[27.4744,-0.4789],[27.4103,-0.5028],[27.3731,-0.5022],[27.3183,-0.4542],[27.2175,-0.4392],[27.1885,-0.4157],[27.203,-0.4085],[27.1994,-0.3902],[27.2126,-0.3792],[27.1761,-0.3668],[27.1445,-0.3745],[27.1213,-0.327],[27.1302,-0.3064],[27.111,-0.2985],[27.0974,-0.2617],[27.0855,-0.2727],[27.0682,-0.2614],[27.0536,-0.2679],[26.9919,-0.2353],[26.9256,-0.2221],[26.9259,-0.2131],[26.8958,-0.2338],[26.8857,-0.2291],[26.8771,-0.2556],[26.853,-0.2686],[26.8115,-0.274],[26.7651,-0.3315],[26.684,-0.3344],[26.6991,-0.3721],[26.6834,-0.3713],[26.6674,-0.3891],[26.6758,-0.4208],[26.6428,-0.429],[26.6152,-0.4195],[26.5954,-0.435],[26.573,-0.4091],[26.5301,-0.4049],[26.5337,-0.3895],[26.5117,-0.3937],[26.5063,-0.3687],[26.4888,-0.3645],[26.4974,-0.3459],[26.4688,-0.3407],[26.4725,-0.3292],[26.4555,-0.326],[26.4575,-0.3156],[26.4353,-0.3125],[26.4438,-0.2982],[26.4212,-0.2723],[26.3776,-0.2629],[26.3639,-0.1932],[26.321,-0.1886],[26.3119,-0.157],[26.2756,-0.1214],[26.2355,-0.1169],[26.2472,-0.109],[26.2384,-0.0967],[26.2463,-0.0876],[26.2259,-0.0922],[26.2192,-0.0694],[26.2123,-0.083],[26.1896,-0.0761],[26.1846,-0.0557],[26.1744,-0.067],[26.1691,-0.0553],[26.1443,-0.056],[26.1386,-0.0318],[26.1218,-0.0282],[26.1348,-0.0071],[26.1041,-0.0152],[26.1175,-0.0044],[26.0913,0.009],[26.0869,-0.0164],[26.0802,0.0002],[26.0639,-0.0112],[26.0925,-0.17],[26.2028,-0.2561],[26.2569,-0.3181],[26.3658,-0.39],[26.3944,-0.4242],[26.405,-0.4606],[26.3933,-0.4872],[26.2917,-0.5736],[26.2665,-0.6112],[26.2335,-0.7336],[26.2373,-0.9477],[26.2095,-0.9736],[26.1383,-1.0067],[26.1397,-1.0928],[26.1672,-1.1231],[26.1361,-1.1483],[26.1375,-1.1903],[26.1169,-1.2384],[26.138,-1.2779],[26.1222,-1.2891],[26.0752,-1.2878],[26.075,-1.3811],[26.0375,-1.378],[26.0199,-1.3932],[26.0267,-1.4114],[26.0671,-1.4207],[26.0472,-1.448],[26.0592,-1.4822],[26.0417,-1.4821],[26.0347,-1.5004],[26.0028,-1.4938],[25.9582,-1.5125],[25.9469,-1.4727],[25.9004,-1.4737],[25.8804,-1.4316],[25.8098,-1.4068],[25.8132,-1.6425],[25.794,-1.7269],[25.792,-1.8308],[25.7562,-1.854],[25.7392,-1.837],[25.7209,-1.838],[25.7385,-1.8539],[25.706,-1.8614],[25.707,-1.8802],[25.681,-1.8811],[25.6733,-1.9073],[25.6638,-1.899],[25.6306,-1.9075],[25.6186,-1.8956],[25.5999,-1.9205],[25.5295,-1.9316],[25.4859,-1.9593],[25.4018,-1.981],[25.3245,-1.9615],[25.3046,-1.9438],[25.2666,-1.9488],[25.2369,-1.9702],[25.2259,-1.9412],[25.1612,-1.9791],[25.1503,-1.9403],[25.208,-1.9025],[25.1462,-1.8943],[25.2038,-1.851],[25.1089,-1.8019],[25.1249,-1.7892],[25.1543,-1.798],[25.1528,-1.7517],[25.0991,-1.7642],[24.996,-1.7446],[24.9397,-1.7568],[24.4708,-1.7546]]]}},{"type":"Feature","properties":{"name":"North Kivu","code":"28894549B19306184040235","iso":"COD"},"geometry":{"type":"Polygon","coordinates":[[[27.9589,0.6587],[27.8933,0.5964],[27.8164,0.5811],[27.7373,0.5859],[27.7305,0.5653],[27.8335,0.4924],[27.869,0.4879],[27.8853,0.5009],[27.8946,0.4896],[27.9003,0.506],[27.9219,0.4914],[27.9896,0.4931],[27.996,0.4813],[28.0138,0.4854],[28.0106,0.4567],[28.043,0.4509],[28.0434,0.4352],[28.0258,0.4296],[28.0388,0.419],[28.0324,0.4032],[28.0565,0.4026],[28.0615,0.3073],[28.0786,0.3052],[28.0854,0.2783],[28.12,0.2414],[28.1436,0.2382],[28.1534,0.2148],[28.1467,0.1921],[28.1643,0.1877],[28.1821,0.1571],[28.158,0.1218],[28.1269,0.1097],[28.1227,0.0863],[28.1276,0.0304],[28.1148,-0.0152],[28.1341,-0.2017],[28.1101,-0.2222],[28.1049,-0.2458],[28.0618,-0.2559],[28.0588,-0.2732],[28.0207,-0.2865],[27.9972,-0.3189],[27.934,-0.3426],[27.8625,-0.4639],[27.75,-0.5606],[27.7842,-0.6319],[27.8123,-0.6551],[27.7491,-0.8548],[27.6946,-0.9334],[27.651,-0.9546],[27.5469,-0.931],[27.5472,-0.9128],[27.511,-0.8838],[27.4099,-0.9502],[27.3973,-0.9436],[27.3683,-0.9641],[27.3436,-0.946],[27.2987,-0.9658],[27.2958,-0.9913],[27.2715,-0.9903],[27.2833,-1.0545],[27.2686,-1.0743],[27.2928,-1.1072],[27.3296,-1.1091],[27.3184,-1.1403],[27.3436,-1.1795],[27.3264,-1.1948],[27.3098,-1.1776],[27.2767,-1.185],[27.2541,-1.1719],[27.2062,-1.2097],[27.2582,-1.3001],[27.3633,-1.4282],[27.4593,-1.52],[27.5423,-1.6488],[27.6079,-1.6963],[27.6737,-1.7798],[27.7291,-1.8088],[27.7374,-1.9422],[27.7558,-2],[27.7792,-2],[27.7695,-2.0189],[27.8384,-2.0339],[27.885,-2.0015],[27.9498,-2.0002],[27.962,-2.0163],[27.9886,-2.0085],[27.9979,-2.0324],[28.0116,-2.0118],[28.0871,-1.9987],[28.1008,-2.0083],[28.0998,-2.0658],[28.1336,-2.0398],[28.1624,-2.0384],[28.1496,-1.9762],[28.1632,-1.9681],[28.1958,-1.9942],[28.3042,-1.9905],[28.3271,-1.9762],[28.3503,-1.994],[28.3743,-1.9932],[28.377,-1.9609],[28.3502,-1.9476],[28.3539,-1.9399],[28.372,-1.9215],[28.4508,-1.8929],[28.4497,-1.8651],[28.5111,-1.8768],[28.5242,-1.8968],[28.5585,-1.9046],[28.6055,-1.8807],[28.641,-1.8909],[28.6777,-1.8677],[28.7003,-1.8286],[28.6957,-1.806],[28.6689,-1.7939],[28.6697,-1.7514],[28.7127,-1.7822],[28.8166,-1.7675],[28.8627,-1.707],[28.917,-1.7422],[28.9692,-1.7417],[29.0183,-1.6753],[29.033,-1.6288],[29.0215,-1.6205],[29.0332,-1.6208],[29.0496,-1.5838],[29.0855,-1.5995],[29.0932,-1.6205],[29.1317,-1.6283],[29.1372,-1.6422],[29.1585,-1.6339],[29.1692,-1.6633],[29.2423,-1.6999],[29.2434,-1.6683],[29.2683,-1.6294],[29.3103,-1.5997],[29.3618,-1.5089],[29.4503,-1.5062],[29.5264,-1.4111],[29.5593,-1.3881],[29.59,-1.393],[29.6081,-1.3181],[29.5934,-1.2737],[29.6086,-1.2216],[29.5734,-1.1863],[29.5868,-1.1564],[29.5769,-1.1292],[29.5908,-1.0536],[29.5868,-0.9831],[29.6023,-0.9812],[29.5819,-0.9069],[29.6383,-0.9005],[29.6266,-0.8621],[29.6414,-0.8308],[29.6272,-0.7945],[29.6261,-0.7063],[29.6635,-0.6255],[29.6493,-0.5963],[29.6675,-0.576],[29.6537,-0.5533],[29.6576,-0.5397],[29.6744,-0.5383],[29.6859,-0.4494],[29.6385,-0.4777],[29.6134,-0.552],[29.5604,-0.6237],[29.5168,-0.6203],[29.5189,-0.6316],[29.4861,-0.6503],[29.4818,-0.6275],[29.4401,-0.6026],[29.4226,-0.6399],[29.4101,-0.6377],[29.4184,-0.658],[29.3955,-0.6733],[29.3922,-0.6924],[29.3807,-0.6798],[29.3677,-0.7024],[29.3626,-0.6807],[29.3781,-0.6744],[29.3715,-0.6169],[29.339,-0.5833],[29.3161,-0.5991],[29.3043,-0.5932],[29.3155,-0.5607],[29.3411,-0.5575],[29.3443,-0.5435],[29.3156,-0.4919],[29.3392,-0.4723],[29.3617,-0.4776],[29.3837,-0.4314],[29.3902,-0.3732],[29.4358,-0.3228],[29.4892,-0.1799],[29.6009,-0.1395],[29.6473,-0.1356],[29.6834,-0.1116],[29.7014,-0.0786],[29.7327,-0.0789],[29.7292,-0.0427],[29.7452,-0.0294],[29.7257,-0.0028],[29.7163,0.0731],[29.7355,0.0889],[29.7358,0.1241],[29.7674,0.148],[29.77,0.1637],[29.8237,0.1718],[29.8724,0.388],[29.9798,0.5165],[29.9729,0.5972],[29.9542,0.6399],[29.9779,0.7445],[29.9645,0.7797],[29.9873,0.838],[29.9573,0.8272],[29.9554,0.8117],[29.9395,0.8164],[29.9299,0.7998],[29.9057,0.8074],[29.8969,0.8456],[29.8763,0.8704],[29.8791,0.8942],[29.8645,0.9034],[29.868,0.9485],[29.8497,0.9642],[29.7811,0.9342],[29.7269,0.8786],[29.5853,0.8814],[29.5742,0.8586],[29.5817,0.8367],[29.5639,0.8156],[29.5111,0.8211],[29.4283,0.86],[29.4028,0.8567],[29.3653,0.7936],[29.3597,0.7558],[29.3844,0.7222],[29.4708,0.6922],[29.4836,0.6675],[29.4097,0.6156],[29.3858,0.6161],[29.3357,0.6466],[29.3171,0.5856],[29.3068,0.5827],[29.244,0.6133],[29.2115,0.6778],[29.1739,0.6867],[29.1108,0.6683],[29.0528,0.6217],[29.0117,0.6119],[28.8156,0.6319],[28.5572,0.5861],[28.4825,0.6264],[28.39,0.7278],[28.3503,0.7408],[28.0625,0.7011],[27.9589,0.6587]]]}},{"type":"Feature","properties":{"name":"South Kivu","code":"28894549B54646848790483","iso":"COD"},"geometry":{"type":"Polygon","coordinates":[[[29.1221,-5.0082],[29.0975,-4.7952],[29.1165,-4.7002],[29.108,-4.6382],[29.1253,-4.5865],[29.1603,-4.5472],[29.1633,-4.502],[29.1863,-4.4955],[29.204,-4.5235],[29.2155,-4.5102],[29.2082,-4.3932],[29.2643,-4.1307],[29.262,-4.0897],[29.2428,-4.05],[29.2142,-4.1052],[29.148,-4.3375],[29.0995,-4.33],[29.0918,-4.3142],[29.068,-4.3162],[29.058,-4.281],[29.1075,-4.2352],[29.1133,-4.1985],[29.0904,-4.1598],[29.1016,-4.0957],[29.089,-4.044],[29.1058,-4.0078],[29.1107,-3.951],[29.0987,-3.917],[29.1109,-3.8877],[29.0975,-3.869],[29.13,-3.821],[29.0983,-3.7825],[29.126,-3.7272],[29.1222,-3.7087],[29.1577,-3.6691],[29.1436,-3.599],[29.1561,-3.5501],[29.1301,-3.4319],[29.1615,-3.3524],[29.2142,-3.3535],[29.2126,-3.2965],[29.2409,-3.2692],[29.2246,-3.1789],[29.2609,-3.1148],[29.247,-3.0962],[29.2603,-3.0854],[29.237,-3.0252],[29.203,-3.0224],[29.1772,-2.9919],[29.1682,-2.9966],[29.1677,-2.9595],[29.0967,-2.9205],[29.0927,-2.8755],[29.0695,-2.8639],[29.0501,-2.8198],[29.0307,-2.8266],[29.0057,-2.8158],[29.0022,-2.7819],[29.0383,-2.761],[29.0407,-2.7434],[28.9949,-2.6992],[28.967,-2.7035],[28.8978,-2.6611],[28.906,-2.6451],[28.8954,-2.5681],[28.8618,-2.5253],[28.893,-2.491],[28.8666,-2.438],[28.8831,-2.3936],[28.9123,-2.3714],[28.962,-2.3731],[28.9613,-2.3531],[28.9832,-2.3396],[29.0011,-2.2939],[29.1039,-2.2704],[29.1635,-2.157],[29.1735,-2.0943],[29.1275,-1.936],[29.1303,-1.8847],[29.1494,-1.8297],[29.2423,-1.6999],[29.1692,-1.6633],[29.1585,-1.6339],[29.1372,-1.6422],[29.1317,-1.6283],[29.0932,-1.6205],[29.0855,-1.5995],[29.0496,-1.5838],[29.0332,-1.6208],[29.0215,-1.6205],[29.033,-1.6288],[29.0183,-1.6753],[28.9692,-1.7417],[28.917,-1.7422],[28.8627,-1.707],[28.8166,-1.7675],[28.7127,-1.7822],[28.6697,-1.7514],[28.6689,-1.7939],[28.6957,-1.806],[28.7003,-1.8286],[28.6777,-1.8677],[28.641,-1.8909],[28.6055,-1.8807],[28.5585,-1.9046],[28.5242,-1.8968],[28.5111,-1.8768],[28.4497,-1.8651],[28.4508,-1.8929],[28.372,-1.9215],[28.3539,-1.9399],[28.3502,-1.9476],[28.377,-1.9609],[28.3743,-1.9932],[28.3503,-1.994],[28.3271,-1.9762],[28.3042,-1.9905],[28.1958,-1.9942],[28.1632,-1.9681],[28.1496,-1.9762],[28.1624,-2.0384],[28.1336,-2.0398],[28.0998,-2.0658],[28.1008,-2.0083],[28.0871,-1.9987],[28.0116,-2.0118],[27.9979,-2.0324],[27.9847,-2.0068],[27.962,-2.0163],[27.9498,-2.0002],[27.885,-2.0015],[27.8384,-2.0339],[27.7846,-2.0288],[27.7695,-2.0189],[27.7792,-2],[27.3757,-2],[27.4033,-2.0213],[27.4724,-2.0339],[27.4461,-2.1072],[27.4526,-2.1305],[27.3847,-2.1671],[27.353,-2.1653],[27.288,-2.2421],[27.2576,-2.23],[27.2396,-2.2719],[27.228,-2.2645],[27.2266,-2.2388],[27.2059,-2.2432],[27.2021,-2.2243],[27.187,-2.2326],[27.1962,-2.2191],[27.1769,-2.2424],[27.1749,-2.2185],[27.1518,-2.236],[27.1453,-2.2118],[27.1233,-2.2367],[27.111,-2.2244],[27.1159,-2.2109],[27.0768,-2.2017],[27.066,-2.2113],[27.0567,-2.1799],[27.023,-2.1648],[27.0097,-2.138],[26.9984,-2.151],[26.9784,-2.1252],[26.9836,-2.1549],[26.9633,-2.1307],[26.9376,-2.1526],[26.9383,-2.1835],[26.914,-2.1595],[26.8683,-2.1586],[26.8512,-2.2887],[26.8614,-2.3228],[26.8446,-2.3388],[26.8106,-2.3398],[26.8241,-2.3783],[26.8202,-2.4465],[26.856,-2.4942],[26.8706,-2.5425],[26.8563,-2.6062],[26.905,-2.6647],[26.9057,-2.6956],[26.9429,-2.7124],[26.9458,-2.7397],[26.9162,-2.8075],[26.9571,-2.8368],[26.9798,-2.9288],[27.0014,-2.959],[27.0245,-2.9492],[27.0308,-2.9691],[27.0572,-2.9867],[27.0578,-3.0408],[27.12,-3.0785],[27.1227,-3.1134],[27.1112,-3.1343],[27.1309,-3.1557],[27.1185,-3.1776],[27.1273,-3.2069],[27.1103,-3.2442],[27.1407,-3.2663],[27.0998,-3.3155],[27.0944,-3.3434],[27.1045,-3.364],[27.0915,-3.3807],[27.0992,-3.3928],[27.1135,-3.3859],[27.1166,-3.4315],[27.1317,-3.4265],[27.1185,-3.4576],[27.1325,-3.5302],[27.1168,-3.5402],[27.1354,-3.539],[27.1349,-3.5585],[27.1215,-3.5578],[27.1271,-3.5736],[27.0995,-3.6232],[27.0988,-3.6999],[27.0856,-3.7284],[27.1305,-3.8106],[27.1653,-3.8369],[27.1887,-3.8893],[27.262,-3.8984],[27.2774,-3.9179],[27.3164,-3.9156],[27.3466,-3.9352],[27.3866,-3.9353],[27.4516,-3.9966],[27.4594,-3.9799],[27.4772,-3.9769],[27.5806,-3.9949],[27.6364,-4.0219],[27.7986,-4.004],[27.8378,-4.0224],[27.8223,-4.0704],[27.8609,-4.1116],[27.9137,-4.1286],[27.9431,-4.1206],[27.9944,-4.1459],[28.0304,-4.132],[28.0163,-4.1461],[28.0176,-4.1908],[28.0609,-4.1835],[28.1177,-4.2271],[28.1265,-4.2158],[28.1364,-4.224],[28.1617,-4.2154],[28.1805,-4.1601],[28.2154,-4.1529],[28.2427,-4.1996],[28.3584,-4.282],[28.3789,-4.2744],[28.3971,-4.3061],[28.4025,-4.3642],[28.4808,-4.3967],[28.4918,-4.4085],[28.4939,-4.4546],[28.5531,-4.4601],[28.5528,-4.5234],[28.5674,-4.5406],[28.6073,-4.6766],[28.6593,-4.7057],[28.6832,-4.7396],[28.6899,-4.7995],[28.7161,-4.82],[28.7132,-4.8342],[28.7373,-4.853],[28.75,-4.9009],[28.7682,-4.9142],[28.7482,-4.9452],[28.7541,-4.9608],[28.7771,-4.9669],[28.7843,-4.994],[28.803,-5.0103],[29.1221,-5.0082]]]}},{"type":"Feature","properties":{"name":"Central Kasai","code":"28894549B61915221715888","iso":"COD"},"geometry":{"type":"Polygon","coordinates":[[[22.5248,-4.2019],[22.5386,-4.3053],[22.529,-4.3703],[22.5367,-4.4554],[22.4958,-4.4883],[22.4631,-4.4965],[22.4184,-4.6135],[22.3105,-4.6602],[22.2028,-4.8159],[22.1572,-4.858],[22.115,-4.9411],[22.1213,-5.0245],[22.0892,-5.1079],[22.0601,-5.1467],[22.0426,-5.1493],[21.9767,-5.0925],[21.9348,-5.0882],[21.863,-5.024],[21.8517,-5.0232],[21.8099,-5.0811],[21.6889,-5.0649],[21.6926,-5.1296],[21.6401,-5.2386],[21.6455,-5.2994],[21.6244,-5.3207],[21.6678,-5.3316],[21.6631,-5.3967],[21.6896,-5.3993],[21.7189,-5.4384],[21.7588,-5.4466],[21.7708,-5.4736],[21.8266,-5.455],[21.8228,-5.4362],[21.8493,-5.4213],[21.8776,-5.4767],[21.9276,-5.5245],[21.9428,-5.5715],[21.9793,-5.6098],[21.9782,-5.6433],[21.9454,-5.7508],[21.8784,-5.8222],[21.8824,-5.8661],[21.8326,-5.868],[21.7956,-5.8456],[21.7547,-5.7991],[21.749,-5.7644],[21.6806,-5.8449],[21.667,-5.9004],[21.6334,-5.941],[21.6042,-5.951],[21.5761,-6.0347],[21.5881,-6.0745],[21.5937,-6.2471],[21.6228,-6.3578],[21.6051,-6.4504],[21.5571,-6.4542],[21.5373,-6.4751],[21.5406,-6.4949],[21.576,-6.518],[21.5602,-6.5604],[21.5711,-6.5694],[21.6106,-6.5444],[21.6291,-6.5964],[21.6926,-6.6422],[21.6619,-6.6813],[21.6276,-6.6941],[21.6117,-6.7401],[21.5834,-6.7238],[21.6015,-6.756],[21.5926,-6.7751],[21.5686,-6.7567],[21.5368,-6.764],[21.49,-6.783],[21.4627,-6.8126],[21.4257,-6.8119],[21.4065,-6.8329],[21.4208,-6.8367],[21.4512,-6.8848],[21.5042,-6.9107],[21.595,-7.0358],[21.6612,-7.072],[21.6684,-7.1162],[21.6925,-7.1389],[21.7104,-7.1387],[21.721,-7.1947],[21.7629,-7.2424],[21.7947,-7.257],[21.7899,-7.3091],[21.831,-7.3434],[21.8439,-7.3749],[21.8352,-7.409],[21.8596,-7.4292],[21.861,-7.4488],[21.8465,-7.4605],[21.8623,-7.4778],[21.8422,-7.5243],[21.8594,-7.5621],[21.8308,-7.6507],[21.8403,-7.6803],[21.8789,-7.694],[21.9366,-7.6946],[21.9485,-7.6835],[21.9615,-7.7099],[21.9968,-7.7055],[22.0051,-7.6852],[22.0369,-7.6894],[22.0426,-7.722],[22.1422,-7.8458],[22.1883,-7.8757],[22.2829,-7.8656],[22.4121,-7.7968],[22.5008,-7.7933],[22.6118,-7.744],[22.6539,-7.7757],[22.6397,-7.7867],[22.6497,-7.795],[22.6477,-7.8278],[22.6778,-7.8548],[22.6654,-7.8922],[22.6962,-7.8946],[22.7099,-7.9134],[22.8079,-7.9187],[22.946,-7.8889],[23.0711,-7.8957],[23.103,-7.8373],[23.1481,-7.7886],[23.1872,-7.7742],[23.2341,-7.6671],[23.2204,-7.5975],[23.2338,-7.5751],[23.2128,-7.5147],[23.2387,-7.4989],[23.2618,-7.4568],[23.2381,-7.4168],[23.2636,-7.3647],[23.2309,-7.3365],[23.245,-7.2054],[23.2412,-7.1702],[23.2201,-7.1597],[23.2399,-7.1041],[23.2401,-7.0595],[23.2684,-7.041],[23.2532,-7.0102],[23.2767,-6.9769],[23.2805,-6.9394],[23.2711,-6.9377],[23.2862,-6.9194],[23.244,-6.9158],[23.216,-6.9277],[23.1632,-6.9108],[23.1442,-6.8919],[23.1412,-6.8688],[23.125,-6.8788],[23.0851,-6.8678],[23.0611,-6.8467],[23.064,-6.827],[23.0433,-6.798],[23.0152,-6.787],[23.0612,-6.7161],[23.0776,-6.6382],[23.0957,-6.6233],[23.091,-6.5864],[23.1422,-6.4831],[23.148,-6.4471],[23.1386,-6.4242],[23.1556,-6.4209],[23.139,-6.3928],[23.1538,-6.3868],[23.1456,-6.3615],[23.0755,-6.3592],[23.0542,-6.3429],[23.0326,-6.2796],[23.0631,-6.257],[23.0693,-6.2151],[23.0889,-6.1929],[23.0124,-6.1726],[23.0048,-6.1352],[23.0139,-6.1057],[22.9935,-6.092],[22.9617,-6.0947],[22.9325,-6.0576],[22.9799,-6.028],[22.9525,-5.9575],[22.992,-5.8861],[22.944,-5.8419],[22.9619,-5.8188],[22.9593,-5.7863],[23.074,-5.7724],[23.0781,-5.7552],[23.0627,-5.7485],[23.0727,-5.7378],[23.2704,-5.7802],[23.3241,-5.7327],[23.4179,-5.7113],[23.4075,-5.7263],[23.4151,-5.7336],[23.3999,-5.7368],[23.3939,-5.7692],[23.3825,-5.7729],[23.4148,-5.7912],[23.4169,-5.7568],[23.4388,-5.7643],[23.4698,-5.7548],[23.5125,-5.6856],[23.5796,-5.6976],[23.6218,-5.659],[23.6551,-5.6591],[23.6784,-5.6367],[23.7464,-5.6594],[23.7479,-5.6397],[23.764,-5.6311],[23.7323,-5.6094],[23.7169,-5.5556],[23.7264,-5.4819],[23.7032,-5.4485],[23.714,-5.3647],[23.5142,-5.3055],[23.4993,-5.2882],[23.468,-5.2935],[23.4312,-5.2766],[23.4329,-5.251],[23.3876,-5.2726],[23.3333,-5.2608],[23.2293,-5.3019],[23.1921,-5.2574],[23.1413,-5.1602],[23.0436,-5.0492],[22.9594,-4.9797],[22.9558,-4.8731],[22.9875,-4.8172],[23.1389,-4.7756],[23.1794,-4.7372],[23.1575,-4.5856],[23.1375,-4.5364],[23.1253,-4.5242],[22.8511,-4.4872],[22.6728,-4.2655],[22.6292,-4.2318],[22.5248,-4.2019]]]}}]}